personal_id,name,surname,phone_number,height,size,date_of_birth,fashion_designers_personal_id
1,Joel,Patel,+44 458 8353811,190,XXL,1997-09-08,1
2,Katie,Underwood,+44 505 8381583,167,S,2006-05-26,2
3,Jeffery,Mcgrath,+44 342 4269810,181,L,1991-06-13,3
4,Diane,Lopez,+44 392 6707787,189,L,1991-10-05,4
5,Roy,Conner,+44 745 5881484,190,XXL,2006-05-28,5
6,Stephanie,Dodson,+44 738 2299572,173,XXL,1993-07-22,6
7,Robert,Washington,+44 674 2577091,189,XXS,2002-06-09,7
8,Frederick,Wright,+44 208 1824821,172,L,1993-07-04,8
9,Marcus,Morgan,+44 333 5545952,193,XL,1999-09-11,9
10,Zachary,Rose,+44 689 5448255,168,XXL,2001-11-20,10
11,Brittany,Reed,+44 779 5187091,195,M,1994-04-14,11
12,Timothy,Brown,+44 968 9519077,166,XXL,1992-03-08,12
13,Anthony,Gray,+44 441 2536202,184,XS,2005-01-04,13
14,Amy,Mack,+44 871 8530664,184,XXL,1995-01-12,14
15,Eric,Carpenter,+44 966 9952257,173,L,1999-01-09,15
16,Paul,Taylor,+44 625 8602765,171,XS,1993-09-06,16
17,Leah,Barnes,+44 202 9481795,164,S,1990-11-03,17
18,Natalie,Mcneil,+44 651 1262605,183,S,2003-03-04,18
19,Jorge,Beck,+44 110 5091561,181,XS,2003-05-18,19
20,Timothy,Garrett,+44 873 1695142,195,L,1998-08-23,20
21,Dawn,West,+44 951 5063601,187,S,2001-03-31,21
22,Austin,Castro,+44 309 7312248,168,XS,2003-03-26,22
23,Zachary,Scott,+44 324 5209602,167,XXL,1996-04-15,23
24,Andrew,Young,+44 822 5690938,173,S,1989-11-26,24
25,Brandon,Martinez,+44 325 3464970,193,XXS,1995-04-21,25
26,Ashley,Olson,+44 540 3660087,177,M,1997-04-17,26
27,Alisha,Mitchell,+44 849 2321348,176,XXL,1997-05-08,27
28,Janet,Kim,+44 459 2595785,182,XXL,1995-08-21,28
29,Deborah,Richards,+44 936 2089739,180,XS,2004-09-01,29
30,Erin,Lindsey,+44 449 6628292,187,M,1994-03-13,30
31,Melissa,Osborn,+44 507 4568324,180,S,1994-08-05,31
32,James,Espinoza,+44 151 8527380,166,L,2001-11-16,32
33,Joy,Heath,+44 592 3276637,190,XS,2005-04-20,33
34,Catherine,Johnson,+44 234 8453533,161,XS,2002-12-25,34
35,Charles,Mcintyre,+44 742 7049586,161,L,2003-08-06,35
36,Misty,Krause,+44 170 9997454,189,M,1998-03-23,36
37,Kelly,Edwards,+44 982 1656147,174,XXS,2002-03-19,37
38,Shawn,Hodges,+44 224 8672541,172,XL,1998-05-06,38
39,William,Williams,+44 326 5850964,190,XS,1991-02-18,39
40,Jimmy,Neal,+44 397 8572886,172,XXS,1996-12-18,40
41,Julie,Bishop,+44 528 6408143,188,XS,2005-03-09,41
42,Jason,Larson,+44 697 4216678,170,S,1998-07-27,42
43,Annette,Smith,+44 331 8151113,180,L,1991-11-27,43
44,Scott,Watson,+44 766 5845335,164,XXS,1995-03-08,44
45,Robert,Aguirre,+44 942 5661457,164,XS,1988-10-25,45
46,Megan,Johnson,+44 590 3479265,175,S,2003-05-04,46
47,Yolanda,Rice,+44 494 7637221,166,L,2000-08-25,47
48,Jacob,Mclaughlin,+44 631 5627660,186,L,2000-12-10,48
49,Jack,Rowe,+44 739 6721433,176,L,2002-03-28,49
50,James,Dalton,+44 451 9016671,180,L,1994-03-18,50
51,Donna,Kemp,+44 359 9904247,185,XXL,1996-08-29,24
52,Curtis,Chan,+44 731 2620691,172,XXS,1992-04-27,13
53,Brandon,Cohen,+44 798 7755101,175,XXS,2005-05-31,5
54,Michael,Gray,+44 833 8609336,176,XS,1996-05-14,30
55,Mark,Rivera,+44 371 2517839,172,XL,1991-05-03,32
56,Bryan,Perry,+44 430 6159447,163,XS,1990-07-24,3
57,Matthew,Fowler,+44 267 9378528,171,XXL,1990-12-28,22
58,Jamie,Rodriguez,+44 331 8949400,185,XS,1994-11-19,2
59,Christian,Alexander,+44 233 1456105,195,S,1992-09-30,31
60,Eric,Nicholson,+44 896 3979772,161,XS,1992-06-30,4
61,Cynthia,Cox,+44 220 8106207,162,XXS,1989-02-27,8
62,James,Rojas,+44 502 6067183,174,XXL,1998-04-27,22
63,Sean,Gardner,+44 322 8890644,187,XS,2004-01-26,22
64,Ryan,Cooper,+44 237 8981355,181,XS,1995-04-10,4
65,Kimberly,Morris,+44 564 7407754,163,XXS,1995-03-19,29
66,Jose,Jones,+44 300 3073331,190,M,2001-09-22,1
67,Darrell,Bennett,+44 591 7619038,165,S,1998-12-25,32
68,Gina,Miller,+44 587 8908059,160,L,1997-04-30,28
69,David,White,+44 819 8466125,179,XS,1992-06-12,45
70,Wendy,Fletcher,+44 805 9305654,165,XS,1992-06-12,46
71,Jason,Bradford,+44 842 8195721,167,S,1993-09-13,45
72,Christopher,Moody,+44 235 5240756,170,XL,2001-11-18,33
73,Dustin,Riggs,+44 779 1670847,161,S,1993-11-11,40
74,Timothy,Becker,+44 667 7458926,184,S,1997-03-18,21
75,Michael,Ponce,+44 178 5674436,188,XL,2002-02-04,42
76,Thomas,Brooks,+44 306 1031699,160,XS,1997-02-17,2
77,Brenda,Pena,+44 871 5977705,190,XXL,1993-02-12,27
78,Adam,Dunn,+44 120 8573042,165,XS,2002-07-03,24
79,John,Phillips,+44 760 8145978,181,M,1991-06-12,15
80,William,Cardenas,+44 567 4855180,185,S,1996-10-05,9
81,Joanna,Harmon,+44 153 8238405,177,XL,1989-03-14,33
82,Austin,Pearson,+44 418 4979056,175,S,1999-01-18,1
83,Jose,Miller,+44 846 7342406,191,M,1995-03-31,28
84,Kimberly,Chan,+44 396 4178507,193,M,2004-01-05,39
85,Corey,Elliott,+44 310 3320224,161,XS,1997-03-21,15
86,David,Kelly,+44 808 3888274,170,S,1997-11-21,48
87,Andrew,Perez,+44 173 9275738,171,XXS,1993-02-18,34
88,Regina,James,+44 715 7307759,166,XS,2005-01-30,7
89,Melissa,Aguilar,+44 371 7957031,180,XS,1990-01-05,27
90,Gabrielle,Taylor,+44 899 6735542,191,XXL,2005-02-04,9
91,Denise,Ward,+44 573 8558651,170,M,1997-02-14,36
92,Calvin,Delacruz,+44 878 3189044,174,XXS,1992-07-10,13
93,Whitney,Bradshaw,+44 443 7262324,191,M,1990-12-30,5
94,Heather,Benjamin,+44 573 5951979,179,XXL,1997-07-30,39
95,Sara,Neal,+44 566 4993884,180,XXS,1991-01-06,33
96,Anthony,Brown,+44 993 1779967,177,XS,2005-01-04,32
97,Kevin,Smith,+44 872 3808790,173,M,2005-12-21,30
98,Karen,Owen,+44 181 9549784,179,XL,1999-05-30,22
99,Zachary,Hernandez,+44 690 4968850,193,XL,1997-11-12,27
100,Elizabeth,Randall,+44 105 9712001,173,L,1990-05-18,40
101,Brian,Quinn,+44 434 4618926,170,M,2000-02-01,17
102,Heather,Andrade,+44 736 2237524,178,XS,1993-03-09,33
103,Jaclyn,Howe,+44 216 8622094,183,S,2003-12-21,30
104,Mary,Chase,+44 705 6467844,171,XXS,1991-08-21,49
105,Gina,Ruiz,+44 441 7463289,179,M,2005-07-18,32
106,Dale,Atkinson,+44 631 6411734,170,XS,2005-10-21,16
107,Kyle,Davidson,+44 740 9049655,186,XS,2006-02-18,1
108,Gary,Sanchez,+44 540 7070889,168,XS,1994-03-11,38
109,Sean,Edwards,+44 832 1731873,168,S,2000-02-03,5
110,Shaun,Flowers,+44 520 7484284,169,XXL,2003-08-22,7
111,John,Wright,+44 603 1443936,177,S,2001-05-19,16
112,Katie,Adams,+44 131 4442474,194,M,1993-04-12,19
113,Nathan,Fields,+44 209 6350768,162,XXS,1993-05-08,24
114,Betty,Keller,+44 407 2194120,169,S,1989-01-23,30
115,Amanda,Fernandez,+44 185 9422627,193,M,1990-03-28,28
116,Karen,Carson,+44 169 9960640,181,S,2002-01-17,50
117,Michelle,Martinez,+44 822 4684728,166,XS,2001-12-17,15
118,Lori,Schwartz,+44 841 7443995,194,L,2000-02-29,3
119,Thomas,Taylor,+44 665 1888047,178,M,1991-12-24,13
120,Michelle,Hill,+44 603 8666325,188,M,1994-02-01,46
121,Jeffrey,Robbins,+44 978 5349370,174,S,1999-09-13,23
122,Justin,Smith,+44 723 4436932,184,XXS,1997-07-15,29
123,Christopher,Wilson,+44 325 5516504,189,XS,1994-10-27,27
124,Misty,Flowers,+44 179 1273685,187,XS,1994-12-02,8
125,Ruben,Johnson,+44 767 5105416,195,XS,2005-10-17,43
126,Amy,Taylor,+44 365 9640005,178,XS,1995-05-07,15
127,Jesus,Rich,+44 154 6838742,169,XS,1998-04-05,5
128,Michael,Collins,+44 763 6118852,183,XL,2000-08-16,4
129,Mark,Gomez,+44 825 5064644,165,XS,2002-07-11,13
130,Amy,Wong,+44 363 9368715,168,XXL,1998-12-03,11
131,Mario,Lewis,+44 708 4014098,160,XXS,2001-08-21,6
132,Todd,Taylor,+44 933 1996266,195,XL,1993-11-04,8
133,Jimmy,Hawkins,+44 425 5095438,189,L,2001-08-09,42
134,Jason,Mcgee,+44 746 7489001,193,XS,1992-12-17,9
135,Brandon,Pena,+44 277 8445535,169,L,1992-04-10,39
136,Tonya,Martinez,+44 324 6195591,161,M,2000-03-16,34
137,Holly,Pollard,+44 429 5547093,175,M,1993-09-08,47
138,Lacey,Anderson,+44 187 4236288,161,XS,1999-12-17,32
139,Angela,Griffin,+44 529 1677302,192,XL,2002-04-28,27
140,Alexis,Ross,+44 478 6363099,183,XL,1998-05-04,46
141,Kathryn,Wilkins,+44 960 6615014,173,S,1991-12-15,41
142,Hannah,Rivera,+44 555 4361651,193,XS,1997-01-12,14
143,Matthew,Riggs,+44 911 3760099,164,XL,1997-03-18,5
144,Douglas,West,+44 740 2575180,173,XXS,1994-11-17,37
145,Lori,Cervantes,+44 413 7005137,178,M,2002-02-23,37
146,Melinda,Ellis,+44 407 9644488,174,L,1998-09-11,36
147,Kent,White,+44 786 5757704,163,S,1991-09-04,29
148,Teresa,Ibarra,+44 900 6893321,168,XXL,2002-03-24,29
149,Suzanne,Shaffer,+44 433 7708472,173,XS,2002-07-10,30
150,Taylor,May,+44 892 7139090,186,XS,1999-06-04,36
