-- ADD VALUES TO THE TABLES

-- Add values to table fashion_designers
INSERT INTO fashion_designers (personal_id, name, surname, phone_number, stage_name, career)
VALUES
(1, 'Sophia', 'Mason', '+44 793 2341234', 'Avant Couture', 'Sophia has made a name for herself in London with her bold, futuristic designs. Her work focuses on using eco-friendly fabrics. She is constantly redefining what sustainability means in fashion.'),
(2, 'James', 'Harrison', '+1 202 5559876', 'Timeless Chic', 'James has been a staple in the fashion industry for over two decades. His designs emphasize timeless elegance and classic silhouettes. He continues to inspire new generations of designers with his craftsmanship.'),
(3, 'Isabella', 'Smith', '+1 213 5551234', 'Urban Visionary', 'Isabella is known for blending high fashion with urban culture. Her work has been featured in many prominent streetwear collections. She constantly pushes the boundaries of fashion to merge luxury and street style.'),
(4, 'Olivia', 'Clark', '+61 400 123456', 'Boho Glam', 'Olivia’s designs bring together bohemian style and glamour in a unique way. Her collections often mix flowy fabrics with bold embellishments. She is adored by celebrities for her red carpet looks.'),
(5, 'Benjamin', 'Johnson', '+1 415 5556543', 'Minimal Edge', 'Benjamin is a minimalist designer with a focus on sharp, clean lines. His designs often feature a contemporary, edgy twist. He has gained a reputation for redefining modern menswear.'),
(6, 'Amelia', 'Davies', '+44 770 9876543', 'Eco Haute', 'Amelia is at the forefront of sustainable fashion, using only recycled materials. Her commitment to the environment is reflected in every collection. She has won several awards for her eco-conscious designs.'),
(7, 'William', 'Jones', '+61 420 5558765', 'Modern Maverick', 'William is a rebellious designer known for his daring menswear collections. He challenges traditional norms with his bold designs. His runway shows are famous for their unconventional themes and theatrics.'),
(8, 'Charlotte', 'Miller', '+1 305 5553210', 'Ethereal Dream', 'Charlotte’s collections are known for their dreamy, ethereal quality. She uses light fabrics and intricate details to create otherworldly designs. Her work has been featured in numerous high-end fashion magazines.'),
(9, 'Ethan', 'Taylor', '+1 718 5553321', 'Street Pulse', 'Ethan draws inspiration from street culture and music. His collections often feature bold colors and oversized fits. He aims to merge the worlds of music, fashion, and urban culture.'),
(10, 'Mia', 'Thomas', '+44 790 5559901', 'Classic Revival', 'Mia brings a fresh take on classic fashion, reviving vintage styles. Her designs have a modern twist while staying true to their roots. She is known for her impeccable tailoring and attention to detail.'),
(11, 'Henry', 'Wright', '+1 202 5558745', 'Dapper Tailor', 'Henry is a master of tailoring, creating elegant and sophisticated suits. He blends traditional techniques with modern aesthetics. His work has been celebrated on the red carpet and in high fashion circles.'),
(12, 'Ava', 'Martinez', '+34 611 5553422', 'Floral Essence', 'Ava’s designs are heavily influenced by nature, particularly flowers. Her collections are known for their vibrant colors and soft textures. She seeks to bring the beauty of the natural world into high fashion.'),
(13, 'Noah', 'Evans', '+1 312 5557612', 'Bold Form', 'Noah is celebrated for his bold, architectural designs. He often experiments with structure and form in his collections. His work is praised for its artistic and avant-garde approach to fashion.'),
(14, 'Emma', 'Walker', '+44 775 5550987', 'Vintage Twist', 'Emma combines vintage fashion with modern trends in an innovative way. Her collections are often inspired by the 1950s and 1960s. She is known for her ability to blend nostalgia with contemporary fashion.'),
(15, 'Lucas', 'White', '+1 310 5557841', 'Dark Allure', 'Lucas specializes in dark, mysterious aesthetics. His collections often feature deep tones and luxurious materials. He is praised for his unique blend of elegance and edge.'),
(16, 'Emily', 'Hill', '+44 789 5556721', 'Silk Whispers', 'Emily’s designs are known for their softness and flowing silhouettes. She often uses silk and other delicate fabrics in her work. Her collections are perfect for women who value grace and elegance.'),
(17, 'Alexander', 'Green', '+1 646 5559210', 'Urban Edge', 'Alexander has made a name for himself by blending streetwear with high fashion. His collections are known for their boldness and urban-inspired designs. He consistently draws inspiration from the vibrant street culture around him.'),
(18, 'Lily', 'Scott', '+61 420 5559987', 'Beach Luxe', 'Lily designs luxury resort wear with a focus on elegance and comfort. Her collections are often inspired by tropical locations. She has become a go-to designer for high-end beach fashion.'),
(19, 'Daniel', 'Adams', '+1 718 5556541', 'Tailored Perfection', 'Daniel is renowned for his impeccable tailoring and sophisticated designs. He often incorporates classic elements into modern menswear. His attention to detail is unmatched in the fashion world.'),
(20, 'Grace', 'Nelson', '+1 305 5559321', 'Eclectic Beauty', 'Grace’s designs are a mix of eclectic patterns and vibrant colors. She draws inspiration from cultures around the world. Her work is known for its creativity and boldness on the runway.'),
(21, 'Matthew', 'Brown', '+1 202 5550986', 'Modern Gent', 'Matthew focuses on creating contemporary menswear with a classic touch. His designs are elegant, practical, and modern. He aims to cater to the modern gentleman with a refined sense of style.'),
(22, 'Harper', 'Cooper', '+44 774 5559821', 'Bohemian Waves', 'Harper’s designs are inspired by bohemian fashion with a modern twist. She often uses natural fabrics and flowing lines. Her collections have gained a loyal following for their carefree elegance.'),
(23, 'Liam', 'Baker', '+1 718 5557123', 'Sporty Chic', 'Liam merges sporty elements with high fashion in his collections. His designs are practical yet stylish, blending comfort with elegance. He has been at the forefront of the athleisure trend.'),
(24, 'Evelyn', 'Carter', '+61 420 5551290', 'Modern Muse', 'Evelyn’s designs are known for their minimalism and clean lines. She often draws inspiration from art and architecture. Her collections are perfect for the modern woman with a minimalist style.'),
(25, 'Mason', 'King', '+1 213 5559982', 'Rogue Tailor', 'Mason challenges traditional tailoring with his rebellious designs. He is known for mixing classic tailoring with unexpected details. His work appeals to those looking for something bold and different.'),
(26, 'Ella', 'Garcia', '+34 622 5553321', 'Golden Threads', 'Ella’s collections are known for their luxurious materials and intricate embroidery. She often uses gold tones and delicate fabrics. Her designs are highly sought after for high-profile events.'),
(27, 'Logan', 'Ramirez', '+1 202 5556723', 'Urban Nomad', 'Logan’s designs are inspired by the constant movement of urban life. He creates versatile pieces that can be worn in any setting. His collections are praised for their practicality and style.'),
(28, 'Scarlett', 'Rodriguez', '+1 718 5552134', 'Glam Reverie', 'Scarlett’s collections are the epitome of glamour and sophistication. She often uses luxurious materials and bold designs. Her work is celebrated for its elegance and red-carpet appeal.'),
(29, 'Dylan', 'Campbell', '+61 420 5557211', 'Tech Couture', 'Dylan blends technology with fashion to create futuristic designs. His collections often feature tech-infused fabrics and innovative cuts. He aims to lead the industry in wearable technology.'),
(30, 'Avery', 'Young', '+1 718 5551290', 'Urban Minimalist', 'Avery’s designs are simple yet striking, focusing on clean lines. She draws inspiration from city life and modern architecture. Her collections are perfect for the modern minimalist.'),
(31, 'Jack', 'Turner', '+1 202 5554321', 'Sharp Tailor', 'Jack specializes in sharp, tailored menswear that exudes sophistication. He is known for his clean cuts and precise fits. His designs have been worn by some of the top names in the industry.'),
(32, 'Chloe', 'Parker', '+44 755 5552311', 'Silk Dreams', 'Chloe creates collections inspired by the softness and elegance of silk. Her designs are known for their flowing lines and luxurious feel. She has been featured in numerous high-end fashion shows.'),
(33, 'Jacob', 'Stewart', '+1 312 5554321', 'Urban Maverick', 'Jacob is a fashion rebel known for his edgy and unconventional designs. His collections often incorporate streetwear elements into high fashion. He has built a loyal following of fashion-forward individuals.'),
(34, 'Layla', 'Bell', '+1 305 5558901', 'Coastal Chic', 'Layla creates resort wear inspired by coastal living. Her collections feature light fabrics and breezy silhouettes. She is known for her effortless and chic approach to fashion.'),
(35, 'Luke', 'Collins', '+1 213 5559980', 'Architectural Lines', 'Luke’s designs are heavily influenced by architecture and structure. His collections are known for their bold shapes and clean lines. He aims to push the boundaries of fashion with his artistic vision.'),
(36, 'Zoe', 'Griffin', '+44 793 5552323', 'Eternal Glam', 'Zoe specializes in glamorous evening wear with a timeless feel. Her collections feature luxurious fabrics and intricate designs. She is a favorite among celebrities for high-profile events.'),
(37, 'Sebastian', 'Sanchez', '+1 312 5558743', 'Nomad Threads', 'Sebastian’s designs are inspired by his travels around the world. His collections blend various cultural influences with modern fashion. He is known for his eclectic style and unique use of textiles.'),
(38, 'Lily', 'Morris', '+61 420 5559983', 'Blossom Couture', 'Lily’s designs are inspired by nature, particularly flowers and plants. Her collections are known for their delicate fabrics and floral motifs. She aims to bring the beauty of nature into every piece she creates.'),
(39, 'Samuel', 'Mitchell', '+1 415 5556721', 'Tailored Edge', 'Samuel is known for combining traditional tailoring with edgy details. His collections often feature sharp lines and bold patterns. He is a favorite among those looking for unique menswear pieces.'),
(40, 'Hannah', 'Brooks', '+44 775 5550198', 'Opulent Dreams', 'Hannah specializes in luxurious evening wear with a focus on detail. Her collections are known for their intricate beadwork and lavish fabrics. She is a go-to designer for elegant, high-society events.'),
(41, 'Eli', 'Gray', '+1 415 5552301', 'Casual Luxury', 'Eli designs high-end casual wear for the modern man. His collections blend comfort with sophistication. He is known for creating versatile pieces that work in any setting.'),
(42, 'Aubrey', 'Howard', '+1 718 5557834', 'Rebel Couture', 'Aubrey is known for her rebellious, avant-garde designs. Her collections often push the boundaries of traditional fashion. She is celebrated for her boldness and creativity on the runway.'),
(43, 'Caleb', 'Ward', '+1 312 5552310', 'Street Luxe', 'Caleb blends luxury fashion with streetwear elements in his collections. His designs are known for their boldness and versatility. He aims to create pieces that can be worn in both casual and high-fashion settings.'),
(44, 'Sofia', 'Reed', '+44 770 5557612', 'Classic Opulence', 'Sofia’s designs are known for their elegance and timeless appeal. She often uses luxurious fabrics and intricate detailing. Her work is a staple in high-end fashion circles.'),
(45, 'Jackson', 'Cook', '+1 305 5551223', 'Bold Vision', 'Jackson creates bold, experimental fashion that challenges traditional norms. His collections often feature bright colors and unique shapes. He is known for his innovative approach to design.'),
(46, 'Avery', 'Foster', '+61 420 5558812', 'Modern Icon', 'Avery focuses on creating modern, iconic looks that stand the test of time. Her collections are minimalist yet striking. She has gained a following for her sleek and sophisticated style.'),
(47, 'Levi', 'Bailey', '+1 202 5559845', 'Eco Couture', 'Levi is a leader in sustainable fashion, using only eco-friendly materials. His collections are known for their simple, clean designs. He aims to prove that fashion can be both stylish and environmentally conscious.'),
(48, 'Savannah', 'Peterson', '+44 770 5559381', 'Bohemian Luxe', 'Savannah’s designs are inspired by bohemian fashion with a luxurious touch. Her collections feature rich fabrics and relaxed silhouettes. She is a favorite among those who value comfort and style.'),
(49, 'Nathan', 'Murphy', '+1 213 5557392', 'Artisan Couture', 'Nathan’s designs are a tribute to traditional craftsmanship and artistry. His collections often feature hand-stitched details and high-quality fabrics. He believes in preserving the art of handmade fashion.'),
(50, 'Victoria', 'Phillips', '+1 415 5551930', 'Glamour House', 'Victoria specializes in glamorous evening wear with a modern twist. Her designs are known for their dramatic flair and luxurious fabrics. She continues to push the boundaries of formal fashion.');

-- Add values to table fashion_models
INSERT INTO fashion_models (personal_ID, name, surname, phone_number, height, size, date_of_birth, fashion_designers_personal_id)
VALUES
(1, 'Joel', 'Patel', '+44 458 8353811', 190, 'XXL', '1997-09-08', 1),
(2, 'Katie', 'Underwood', '+44 505 8381583', 167, 'S', '2006-05-26', 2),
(3, 'Jeffery', 'Mcgrath', '+44 342 4269810', 181, 'L', '1991-06-13', 3),
(4, 'Diane', 'Lopez', '+44 392 6707787', 189, 'L', '1991-10-05', 4),
(5, 'Roy', 'Conner', '+44 745 5881484', 190, 'XXL', '2006-05-28', 5),
(6, 'Stephanie', 'Dodson', '+44 738 2299572', 173, 'XXL', '1993-07-22', 6),
(7, 'Robert', 'Washington', '+44 674 2577091', 189, 'XXS', '2002-06-09', 7),
(8, 'Frederick', 'Wright', '+44 208 1824821', 172, 'L', '1993-07-04', 8),
(9, 'Marcus', 'Morgan', '+44 333 5545952', 193, 'XL', '1999-09-11', 9),
(10, 'Zachary', 'Rose', '+44 689 5448255', 168, 'XXL', '2001-11-20', 10),
(11, 'Brittany', 'Reed', '+44 779 5187091', 195, 'M', '1994-04-14', 11),
(12, 'Timothy', 'Brown', '+44 968 9519077', 166, 'XXL', '1992-03-08', 12),
(13, 'Anthony', 'Gray', '+44 441 2536202', 184, 'XS', '2005-01-04', 13),
(14, 'Amy', 'Mack', '+44 871 8530664', 184, 'XXL', '1995-01-12', 14),
(15, 'Eric', 'Carpenter', '+44 966 9952257', 173, 'L', '1999-01-09', 15),
(16, 'Paul', 'Taylor', '+44 625 8602765', 171, 'XS', '1993-09-06', 16),
(17, 'Leah', 'Barnes', '+44 202 9481795', 164, 'S', '1990-11-03', 17),
(18, 'Natalie', 'Mcneil', '+44 651 1262605', 183, 'S', '2003-03-04', 18),
(19, 'Jorge', 'Beck', '+44 110 5091561', 181, 'XS', '2003-05-18', 19),
(20, 'Timothy', 'Garrett', '+44 873 1695142', 195, 'L', '1998-08-23', 20),
(21, 'Dawn', 'West', '+44 951 5063601', 187, 'S', '2001-03-31', 21),
(22, 'Austin', 'Castro', '+44 309 7312248', 168, 'XS', '2003-03-26', 22),
(23, 'Zachary', 'Scott', '+44 324 5209602', 167, 'XXL', '1996-04-15', 23),
(24, 'Andrew', 'Young', '+44 822 5690938', 173, 'S', '1989-11-26', 24),
(25, 'Brandon', 'Martinez', '+44 325 3464970', 193, 'XXS', '1995-04-21', 25),
(26, 'Ashley', 'Olson', '+44 540 3660087', 177, 'M', '1997-04-17', 26),
(27, 'Alisha', 'Mitchell', '+44 849 2321348', 176, 'XXL', '1997-05-08', 27),
(28, 'Janet', 'Kim', '+44 459 2595785', 182, 'XXL', '1995-08-21', 28),
(29, 'Deborah', 'Richards', '+44 936 2089739', 180, 'XS', '2004-09-01', 29),
(30, 'Erin', 'Lindsey', '+44 449 6628292', 187, 'M', '1994-03-13', 30),
(31, 'Melissa', 'Osborn', '+44 507 4568324', 180, 'S', '1994-08-05', 31),
(32, 'James', 'Espinoza', '+44 151 8527380', 166, 'L', '2001-11-16', 32),
(33, 'Joy', 'Heath', '+44 592 3276637', 190, 'XS', '2005-04-20', 33),
(34, 'Catherine', 'Johnson', '+44 234 8453533', 161, 'XS', '2002-12-25', 34),
(35, 'Charles', 'Mcintyre', '+44 742 7049586', 161, 'L', '2003-08-06', 35),
(36, 'Misty', 'Krause', '+44 170 9997454', 189, 'M', '1998-03-23', 36),
(37, 'Kelly', 'Edwards', '+44 982 1656147', 174, 'XXS', '2002-03-19', 37),
(38, 'Shawn', 'Hodges', '+44 224 8672541', 172, 'XL', '1998-05-06', 38),
(39, 'William', 'Williams', '+44 326 5850964', 190, 'XS', '1991-02-18', 39),
(40, 'Jimmy', 'Neal', '+44 397 8572886', 172, 'XXS', '1996-12-18', 40),
(41, 'Julie', 'Bishop', '+44 528 6408143', 188, 'XS', '2005-03-09', 41),
(42, 'Jason', 'Larson', '+44 697 4216678', 170, 'S', '1998-07-27', 42),
(43, 'Annette', 'Smith', '+44 331 8151113', 180, 'L', '1991-11-27', 43),
(44, 'Scott', 'Watson', '+44 766 5845335', 164, 'XXS', '1995-03-08', 44),
(45, 'Robert', 'Aguirre', '+44 942 5661457', 164, 'XS', '1988-10-25', 45),
(46, 'Megan', 'Johnson', '+44 590 3479265', 175, 'S', '2003-05-04', 46),
(47, 'Yolanda', 'Rice', '+44 494 7637221', 166, 'L', '2000-08-25', 47),
(48, 'Jacob', 'Mclaughlin', '+44 631 5627660', 186, 'L', '2000-12-10', 48),
(49, 'Jack', 'Rowe', '+44 739 6721433', 176, 'L', '2002-03-28', 49),
(50, 'James', 'Dalton', '+44 451 9016671', 180, 'L', '1994-03-18', 50),
(51, 'Donna', 'Kemp', '+44 359 9904247', 185, 'XXL', '1996-08-29', 24),
(52, 'Curtis', 'Chan', '+44 731 2620691', 172, 'XXS', '1992-04-27', 13),
(53, 'Brandon', 'Cohen', '+44 798 7755101', 175, 'XXS', '2005-05-31', 5),
(54, 'Michael', 'Gray', '+44 833 8609336', 176, 'XS', '1996-05-14', 30),
(55, 'Mark', 'Rivera', '+44 371 2517839', 172, 'XL', '1991-05-03', 32),
(56, 'Bryan', 'Perry', '+44 430 6159447', 163, 'XS', '1990-07-24', 3),
(57, 'Matthew', 'Fowler', '+44 267 9378528', 171, 'XXL', '1990-12-28', 22),
(58, 'Jamie', 'Rodriguez', '+44 331 8949400', 185, 'XS', '1994-11-19', 2),
(59, 'Christian', 'Alexander', '+44 233 1456105', 195, 'S', '1992-09-30', 31),
(60, 'Eric', 'Nicholson', '+44 896 3979772', 161, 'XS', '1992-06-30', 4),
(61, 'Cynthia', 'Cox', '+44 220 8106207', 162, 'XXS', '1989-02-27', 8),
(62, 'James', 'Rojas', '+44 502 6067183', 174, 'XXL', '1998-04-27', 22),
(63, 'Sean', 'Gardner', '+44 322 8890644', 187, 'XS', '2004-01-26', 22),
(64, 'Ryan', 'Cooper', '+44 237 8981355', 181, 'XS', '1995-04-10', 4),
(65, 'Kimberly', 'Morris', '+44 564 7407754', 163, 'XXS', '1995-03-19', 29),
(66, 'Jose', 'Jones', '+44 300 3073331', 190, 'M', '2001-09-22', 1),
(67, 'Darrell', 'Bennett', '+44 591 7619038', 165, 'S', '1998-12-25', 32),
(68, 'Gina', 'Miller', '+44 587 8908059', 160, 'L', '1997-04-30', 28),
(69, 'David', 'White', '+44 819 8466125', 179, 'XS', '1992-06-12', 45),
(70, 'Wendy', 'Fletcher', '+44 805 9305654', 165, 'XS', '1992-06-12', 46),
(71, 'Jason', 'Bradford', '+44 842 8195721', 167, 'S', '1993-09-13', 45),
(72, 'Christopher', 'Moody', '+44 235 5240756', 170, 'XL', '2001-11-18', 33),
(73, 'Dustin', 'Riggs', '+44 779 1670847', 161, 'S', '1993-11-11', 40),
(74, 'Timothy', 'Becker', '+44 667 7458926', 184, 'S', '1997-03-18', 21),
(75, 'Michael', 'Ponce', '+44 178 5674436', 188, 'XL', '2002-02-04', 42),
(76, 'Thomas', 'Brooks', '+44 306 1031699', 160, 'XS', '1997-02-17', 2),
(77, 'Brenda', 'Pena', '+44 871 5977705', 190, 'XXL', '1993-02-12', 27),
(78, 'Adam', 'Dunn', '+44 120 8573042', 165, 'XS', '2002-07-03', 24),
(79, 'John', 'Phillips', '+44 760 8145978', 181, 'M', '1991-06-12', 15),
(80, 'William', 'Cardenas', '+44 567 4855180', 185, 'S', '1996-10-05', 9),
(81, 'Joanna', 'Harmon', '+44 153 8238405', 177, 'XL', '1989-03-14', 33),
(82, 'Austin', 'Pearson', '+44 418 4979056', 175, 'S', '1999-01-18', 1),
(83, 'Jose', 'Miller', '+44 846 7342406', 191, 'M', '1995-03-31', 28),
(84, 'Kimberly', 'Chan', '+44 396 4178507', 193, 'M', '2004-01-05', 39),
(85, 'Corey', 'Elliott', '+44 310 3320224', 161, 'XS', '1997-03-21', 15),
(86, 'David', 'Kelly', '+44 808 3888274', 170, 'S', '1997-11-21', 48),
(87, 'Andrew', 'Perez', '+44 173 9275738', 171, 'XXS', '1993-02-18', 34),
(88, 'Regina', 'James', '+44 715 7307759', 166, 'XS', '2005-01-30', 7),
(89, 'Melissa', 'Aguilar', '+44 371 7957031', 180, 'XS', '1990-01-05', 27),
(90, 'Gabrielle', 'Taylor', '+44 899 6735542', 191, 'XXL', '2005-02-04', 9),
(91, 'Denise', 'Ward', '+44 573 8558651', 170, 'M', '1997-02-14', 36),
(92, 'Calvin', 'Delacruz', '+44 878 3189044', 174, 'XXS', '1992-07-10', 13),
(93, 'Whitney', 'Bradshaw', '+44 443 7262324', 191, 'M', '1990-12-30', 5),
(94, 'Heather', 'Benjamin', '+44 573 5951979', 179, 'XXL', '1997-07-30', 39),
(95, 'Sara', 'Neal', '+44 566 4993884', 180, 'XXS', '1991-01-06', 33),
(96, 'Anthony', 'Brown', '+44 993 1779967', 177, 'XS', '2005-01-04', 32),
(97, 'Kevin', 'Smith', '+44 872 3808790', 173, 'M', '2005-12-21', 30),
(98, 'Karen', 'Owen', '+44 181 9549784', 179, 'XL', '1999-05-30', 22),
(99, 'Zachary', 'Hernandez', '+44 690 4968850', 193, 'XL', '1997-11-12', 27),
(100, 'Elizabeth', 'Randall', '+44 105 9712001', 173, 'L', '1990-05-18', 40),
(101, 'Brian', 'Quinn', '+44 434 4618926', 170, 'M', '2000-02-01', 17),
(102, 'Heather', 'Andrade', '+44 736 2237524', 178, 'XS', '1993-03-09', 33),
(103, 'Jaclyn', 'Howe', '+44 216 8622094', 183, 'S', '2003-12-21', 30),
(104, 'Mary', 'Chase', '+44 705 6467844', 171, 'XXS', '1991-08-21', 49),
(105, 'Gina', 'Ruiz', '+44 441 7463289', 179, 'M', '2005-07-18', 32),
(106, 'Dale', 'Atkinson', '+44 631 6411734', 170, 'XS', '2005-10-21', 16),
(107, 'Kyle', 'Davidson', '+44 740 9049655', 186, 'XS', '2006-02-18', 1),
(108, 'Gary', 'Sanchez', '+44 540 7070889', 168, 'XS', '1994-03-11', 38),
(109, 'Sean', 'Edwards', '+44 832 1731873', 168, 'S', '2000-02-03', 5),
(110, 'Shaun', 'Flowers', '+44 520 7484284', 169, 'XXL', '2003-08-22', 7),
(111, 'John', 'Wright', '+44 603 1443936', 177, 'S', '2001-05-19', 16),
(112, 'Katie', 'Adams', '+44 131 4442474', 194, 'M', '1993-04-12', 19),
(113, 'Nathan', 'Fields', '+44 209 6350768', 162, 'XXS', '1993-05-08', 24),
(114, 'Betty', 'Keller', '+44 407 2194120', 169, 'S', '1989-01-23', 30),
(115, 'Amanda', 'Fernandez', '+44 185 9422627', 193, 'M', '1990-03-28', 28),
(116, 'Karen', 'Carson', '+44 169 9960640', 181, 'S', '2002-01-17', 50),
(117, 'Michelle', 'Martinez', '+44 822 4684728', 166, 'XS', '2001-12-17', 15),
(118, 'Lori', 'Schwartz', '+44 841 7443995', 194, 'L', '2000-02-29', 3),
(119, 'Thomas', 'Taylor', '+44 665 1888047', 178, 'M', '1991-12-24', 13),
(120, 'Michelle', 'Hill', '+44 603 8666325', 188, 'M', '1994-02-01', 46),
(121, 'Jeffrey', 'Robbins', '+44 978 5349370', 174, 'S', '1999-09-13', 23),
(122, 'Justin', 'Smith', '+44 723 4436932', 184, 'XXS', '1997-07-15', 29),
(123, 'Christopher', 'Wilson', '+44 325 5516504', 189, 'XS', '1994-10-27', 27),
(124, 'Misty', 'Flowers', '+44 179 1273685', 187, 'XS', '1994-12-02', 8),
(125, 'Ruben', 'Johnson', '+44 767 5105416', 195, 'XS', '2005-10-17', 43),
(126, 'Amy', 'Taylor', '+44 365 9640005', 178, 'XS', '1995-05-07', 15),
(127, 'Jesus', 'Rich', '+44 154 6838742', 169, 'XS', '1998-04-05', 5),
(128, 'Michael', 'Collins', '+44 763 6118852', 183, 'XL', '2000-08-16', 4),
(129, 'Mark', 'Gomez', '+44 825 5064644', 165, 'XS', '2002-07-11', 13),
(130, 'Amy', 'Wong', '+44 363 9368715', 168, 'XXL', '1998-12-03', 11),
(131, 'Mario', 'Lewis', '+44 708 4014098', 160, 'XXS', '2001-08-21', 6),
(132, 'Todd', 'Taylor', '+44 933 1996266', 195, 'XL', '1993-11-04', 8),
(133, 'Jimmy', 'Hawkins', '+44 425 5095438', 189, 'L', '2001-08-09', 42),
(134, 'Jason', 'Mcgee', '+44 746 7489001', 193, 'XS', '1992-12-17', 9),
(135, 'Brandon', 'Pena', '+44 277 8445535', 169, 'L', '1992-04-10', 39),
(136, 'Tonya', 'Martinez', '+44 324 6195591', 161, 'M', '2000-03-16', 34),
(137, 'Holly', 'Pollard', '+44 429 5547093', 175, 'M', '1993-09-08', 47),
(138, 'Lacey', 'Anderson', '+44 187 4236288', 161, 'XS', '1999-12-17', 32),
(139, 'Angela', 'Griffin', '+44 529 1677302', 192, 'XL', '2002-04-28', 27),
(140, 'Alexis', 'Ross', '+44 478 6363099', 183, 'XL', '1998-05-04', 46),
(141, 'Kathryn', 'Wilkins', '+44 960 6615014', 173, 'S', '1991-12-15', 41),
(142, 'Hannah', 'Rivera', '+44 555 4361651', 193, 'XS', '1997-01-12', 14),
(143, 'Matthew', 'Riggs', '+44 911 3760099', 164, 'XL', '1997-03-18', 5),
(144, 'Douglas', 'West', '+44 740 2575180', 173, 'XXS', '1994-11-17', 37),
(145, 'Lori', 'Cervantes', '+44 413 7005137', 178, 'M', '2002-02-23', 37),
(146, 'Melinda', 'Ellis', '+44 407 9644488', 174, 'L', '1998-09-11', 36),
(147, 'Kent', 'White', '+44 786 5757704', 163, 'S', '1991-09-04', 29),
(148, 'Teresa', 'Ibarra', '+44 900 6893321', 168, 'XXL', '2002-03-24', 29),
(149, 'Suzanne', 'Shaffer', '+44 433 7708472', 173, 'XS', '2002-07-10', 30),
(150, 'Taylor', 'May', '+44 892 7139090', 186, 'XS', '1999-06-04', 36);

-- Add values into table fashion_competitions
INSERT INTO fashion_competitions (id, duration, location_address, title, description, year) 
VALUES
(1, 120.00, '1 Fashion St, New York, NY 10001', 'The Elite Runway', 'Witness the most exclusive fashion competition in the heart of New York. This event showcases the finest designers from around the world.', 2024),
(2, 90.50, '2 Trendy Rd, Los Angeles, CA 90001', 'Summer Style Showdown', 'Join us for an exciting competition where summer trends take the spotlight. Experience creativity and innovation in every design.', 2023),
(3, 75.25, '3 Chic Ave, Paris, France', 'Paris Couture Competition', 'This prestigious event highlights the best in haute couture fashion. Designers will battle it out for the top prize on this iconic stage.', 2022),
(4, 110.75, '4 Vogue St, Milan, Italy', 'Milan Fashion Championship', 'Witness emerging talents as they present their unique collections. The competition promises a night of elegance and creativity.', 2021),
(5, 85.00, '5 Stylish Blvd, London, UK', 'London Fashion Face-Off', 'The best of British fashion is here! Watch designers compete for recognition and a chance to showcase their work globally.', 2020),
(6, 95.60, '6 Glamour St, Tokyo, Japan', 'Tokyo Trendsetters', 'Experience cutting-edge fashion from the most innovative designers. This competition is set to redefine style standards.', 2019),
(7, 100.50, '7 Elegant Way, Barcelona, Spain', 'Barcelona Fashion Fiesta', 'Celebrate vibrant designs and cultural expressions in this lively competition. Join us for a night of glamour and excitement.', 2018),
(8, 65.00, '8 Modern Ln, Sydney, Australia', 'Sydney Fashion Showcase', 'Catch the latest trends from Australian designers at this unique event. It’s a celebration of style and creativity.', 2017),
(9, 80.25, '9 Unique Rd, Toronto, Canada', 'Toronto Fashion Challenge', 'Discover emerging talents in the Canadian fashion scene. This competition promises to deliver fresh ideas and bold designs.', 2016),
(10, 70.10, '10 Artistic Blvd, Berlin, Germany', 'Berlin Fashion Innovation', 'Witness the future of fashion as designers present their avant-garde collections. Expect the unexpected!', 2015),
(11, 130.00, '11 Royal St, Paris, France', 'Paris Fashion Festival', 'Join us for a spectacular display of talent and creativity. This festival will showcase emerging designers and their innovative collections.', 2014),
(12, 95.50, '12 Heritage Ln, Milan, Italy', 'Milan Vintage Showdown', 'Explore the best of vintage fashion in this thrilling competition. Designers will bring historical pieces to life with modern twists.', 2013),
(13, 85.75, '13 Couture Blvd, Tokyo, Japan', 'Tokyo Street Style Contest', 'Celebrate the vibrant street fashion of Tokyo. This competition will highlight bold and creative designs from local talents.', 2012),
(14, 100.00, '14 Fashion Ave, London, UK', 'British Fashion Awards', 'Join us for a glamorous evening celebrating the best in British fashion. Witness the creativity of renowned and emerging designers.', 2011),
(15, 90.00, '15 Chic St, Sydney, Australia', 'Sydney Eco Fashion Show', 'Experience the fusion of fashion and sustainability. This competition promotes eco-friendly designs and practices in the fashion industry.', 2010),
(16, 105.50, '16 Trendy Rd, New York, NY 10001', 'New York Fashion Week Competition', 'This iconic event brings together top designers to showcase their latest collections. Don’t miss this fashion extravaganza!', 2009),
(17, 80.00, '17 Stylish Ave, Barcelona, Spain', 'Barcelona Fashion Evolution', 'Explore the evolution of fashion through this exciting competition. Watch as designers reinterpret classic styles with a modern flair.', 2008),
(18, 95.75, '18 Trendy St, Berlin, Germany', 'Berlin Fashion Night', 'Join us for a night celebrating the vibrant fashion scene in Berlin. Emerging designers will showcase their innovative collections.', 2007),
(19, 110.50, '19 Elegant Rd, Toronto, Canada', 'Toronto Fashion Spectrum', 'Witness a colorful array of designs from Canadian talents. This competition celebrates diversity and creativity in fashion.', 2006),
(20, 70.00, '20 Fashion Way, Milan, Italy', 'Milan Style Showcase', 'Experience the elegance of Milanese fashion. This competition features the latest trends from up-and-coming designers.', 2005),
(21, 120.00, '21 Couture St, Paris, France', 'Paris Fashion Gala', 'Join us for an exclusive gala featuring the finest designers. This event showcases luxury and creativity in the fashion world.', 2004),
(22, 85.00, '22 Chic Ave, Tokyo, Japan', 'Tokyo Urban Fashion Contest', 'Celebrate urban fashion in the heart of Tokyo. Designers will present their collections inspired by city life.', 2003),
(23, 90.50, '23 Trendy Rd, Sydney, Australia', 'Sydney Fashion Evolution', 'Explore the evolution of fashion in this exciting competition. Witness creative designs that challenge traditional norms.', 2002),
(24, 100.00, '24 Fashion Blvd, London, UK', 'London Fashion Innovation', 'Witness groundbreaking designs that push the limits of creativity. This competition showcases the future of fashion.', 2001),
(25, 95.25, '25 Glamour St, Barcelona, Spain', 'Barcelona Couture Challenge', 'Join us for a night of couture and creativity in Barcelona. This competition features stunning designs and innovative styles.', 2000),
(26, 80.75, '26 Stylish Blvd, Toronto, Canada', 'Toronto Eco Fashion Challenge', 'Discover sustainable fashion trends from Canadian designers. This competition promotes eco-conscious practices in the industry.', 1999),
(27, 75.00, '27 Artistic Ln, Paris, France', 'Paris Street Style Show', 'Experience the essence of Parisian street fashion. This competition celebrates individual style and creativity.', 1998),
(28, 95.60, '28 Fashion St, New York, NY 10001', 'New York Design Challenge', 'Watch as emerging designers showcase their unique creations. This competition aims to highlight fresh talent in the fashion industry.', 1997),
(29, 100.50, '29 Trendy Rd, Berlin, Germany', 'Berlin Fashion Lab', 'Explore innovative designs that challenge the norms of fashion. This competition showcases the creativity of up-and-coming designers.', 1996),
(30, 85.00, '30 Chic Blvd, Milan, Italy', 'Milan Fashion Clash', 'Witness a thrilling competition where styles collide. Designers will present their boldest creations for a chance to win recognition.', 1995),
(31, 70.25, '31 Unique St, Tokyo, Japan', 'Tokyo Futuristic Fashion', 'Join us for a glimpse into the future of fashion. This competition features avant-garde designs that push creative boundaries.', 1994),
(32, 90.00, '32 Elegant Rd, Barcelona, Spain', 'Barcelona Fashion Celebration', 'Celebrate the rich tapestry of fashion in Barcelona. This competition showcases diverse styles from talented designers.', 1993),
(33, 75.50, '33 Glamour Ave, London, UK', 'London Fashion Spotlight', 'Experience the best of London’s fashion scene. This competition highlights innovative designs and emerging talents.', 1992),
(34, 105.00, '34 Stylish Ln, Sydney, Australia', 'Sydney Fashion Revolution', 'Explore the revolution of fashion in this exciting competition. Designers will present fresh ideas and creative concepts.', 1991),
(35, 80.75, '35 Artistic Blvd, Toronto, Canada', 'Toronto Fashion Explosion', 'Witness a burst of creativity and style in this vibrant competition. Designers will showcase their most daring collections.', 1990),
(36, 90.25, '36 Fashion Way, New York, NY 10001', 'New York Fashion Clash', 'Experience the clash of styles in this dynamic competition. Designers will compete to showcase their unique perspectives.', 1989),
(37, 100.75, '37 Couture Ave, Paris, France', 'Paris Haute Couture Show', 'Join us for a luxurious evening celebrating haute couture. This competition features the most exquisite designs.', 1988),
(38, 95.00, '38 Trendy Rd, Berlin, Germany', 'Berlin Fashion Competition', 'Explore the vibrant fashion scene of Berlin. This competition showcases both emerging and established talents.', 1987),
(39, 70.00, '39 Chic St, Milan, Italy', 'Milan Fashion Gala', 'Experience an evening of elegance and creativity. Designers will present their stunning collections for the audience.', 1986),
(40, 85.25, '40 Stylish Blvd, Tokyo, Japan', 'Tokyo Fashion Vision', 'Witness visionary designs that define Tokyo’s fashion scene. This competition celebrates creativity and innovation.', 1985),
(41, 120.00, '41 Glamour Ln, London, UK', 'London Fashion Extravaganza', 'Join us for a spectacular celebration of fashion. This competition showcases the most talented designers from around the world.', 1984),
(42, 95.50, '42 Trendy Rd, Barcelona, Spain', 'Barcelona Fashion Future', 'Explore the future of fashion in this exciting competition. Designers will present their most innovative concepts.', 1983),
(43, 100.00, '43 Unique St, Sydney, Australia', 'Sydney Fashion Icons', 'Experience the works of fashion icons in this prestigious competition. Designers will showcase their signature styles.', 1982),
(44, 85.00, '44 Artistic Blvd, New York, NY 10001', 'New York Fashion Spotlight', 'Witness the creativity of New York’s fashion designers. This competition highlights innovative collections that challenge norms.', 1981),
(45, 70.10, '45 Couture Ave, Paris, France', 'Paris Fashion Remix', 'Experience a creative remix of classic styles. This competition encourages designers to reinvent iconic pieces.', 1980),
(46, 90.25, '46 Chic St, Berlin, Germany', 'Berlin Urban Fashion', 'Celebrate urban culture through innovative fashion designs. This competition showcases the best in streetwear and urban styles.', 1979),
(47, 75.50, '47 Trendy Blvd, London, UK', 'London Fashion Collective', 'Join us for a collaborative showcase of talent. This competition features groups of designers presenting their unique visions.', 1978),
(48, 100.75, '48 Stylish Ln, Tokyo, Japan', 'Tokyo Fashion Summit', 'Explore the intersection of fashion and technology. This competition highlights innovative designs that incorporate tech.', 1977),
(49, 90.00, '49 Elegant Rd, Barcelona, Spain', 'Barcelona Fashion Odyssey', 'Experience a journey through fashion in this exciting competition. Designers will present collections inspired by their travels.', 1976),
(50, 110.00, '50 Unique Rd, Sydney, Australia', 'Sydney Fashion Showcase', 'Celebrate the best of Australian fashion in this dynamic competition. Watch as designers present their latest collections.', 1975);

-- Add values for table fashion_exhibitions

INSERT INTO fashion_exhibitions (id, duration, location_address, title, description) 
VALUES
(1, 60.00, '101 Style St, Milan, Italy', 'Milan Fashion Extravaganza', 'Join us for an unforgettable evening of style and creativity. This exhibition will feature the latest trends from top designers.'),
(2, 75.50, '102 Fashion Ave, New York, NY 10001', 'New York Spring Showcase', 'Celebrate the arrival of spring with this vibrant fashion exhibition. Designers will display their latest collections in a stunning setting.'),
(3, 90.25, '103 Chic Blvd, Paris, France', 'Paris Fashion Gala', 'Experience the glamour of Parisian fashion at this exclusive event. This exhibition will highlight both established and emerging talents.'),
(4, 80.00, '104 Trendy Ln, London, UK', 'London Style Festival', 'Join us for a celebration of British fashion and style. This exhibition will showcase innovative designs from various designers.'),
(5, 95.00, '105 Elegant Rd, Tokyo, Japan', 'Tokyo Fashion Odyssey', 'Explore the diverse world of fashion at this exciting exhibition. Designers from around the globe will present their unique collections.'),
(6, 70.75, '106 Glamour St, Barcelona, Spain', 'Barcelona Fashion Week', 'Immerse yourself in the vibrant atmosphere of Barcelona fashion. This exhibition features stunning designs and creative concepts.'),
(7, 100.50, '107 Artistic Blvd, Berlin, Germany', 'Berlin Fashion Revolution', 'Witness a revolution in fashion with groundbreaking designs. This exhibition will challenge conventional style norms.'),
(8, 85.00, '108 Stylish Rd, Sydney, Australia', 'Sydney Fashion Voyage', 'Join us for a journey through the latest trends in fashion. This exhibition will showcase creative talents from Australia.'),
(9, 60.25, '109 Unique St, Toronto, Canada', 'Toronto Fashion Showcase', 'Discover the best of Canadian fashion in this exciting exhibition. Designers will present their innovative collections.'),
(10, 75.00, '110 Trendy Ave, Milan, Italy', 'Milan Trend Setters', 'Explore the latest trends and styles in the heart of Milan. This exhibition features top designers and their newest works.'),
(11, 90.00, '111 Couture Rd, New York, NY 10001', 'New York Fashion Discovery', 'Experience the excitement of discovering new fashion trends. This exhibition will feature up-and-coming designers and their collections.'),
(12, 80.50, '112 Fashion St, Paris, France', 'Paris Fashion Impressions', 'Celebrate the beauty of fashion in Paris with this exclusive exhibition. Expect breathtaking designs and inspiring concepts.'),
(13, 95.25, '113 Stylish Ave, London, UK', 'London Fashion Showcase', 'Witness the latest trends in London fashion. This exhibition highlights innovative designs from various designers.'),
(14, 70.50, '114 Trendy Rd, Tokyo, Japan', 'Tokyo Style Exhibition', 'Experience the vibrant and dynamic styles of Tokyo fashion. This exhibition showcases the creativity of local designers.'),
(15, 85.00, '115 Glamour Ln, Barcelona, Spain', 'Barcelona Chic Show', 'Join us for a celebration of chic fashion in Barcelona. This exhibition will feature elegant designs and artistic displays.'),
(16, 100.25, '116 Elegant Blvd, Berlin, Germany', 'Berlin Fashion Perspectives', 'Explore diverse perspectives in fashion at this captivating exhibition. This event will showcase a variety of styles and concepts.'),
(17, 60.75, '117 Unique Rd, Sydney, Australia', 'Sydney Fashion Mosaic', 'Celebrate the mosaic of styles in Australian fashion. This exhibition features innovative and colorful designs.'),
(18, 90.00, '118 Trendy Ave, New York, NY 10001', 'New York Fashion Perspectives', 'Join us for an exploration of diverse fashion styles. This exhibition highlights a variety of designers and their unique visions.'),
(19, 75.50, '119 Chic Blvd, Paris, France', 'Paris Fashion Colors', 'Discover the vibrant colors of fashion at this exclusive exhibition. Expect a lively display of creativity and artistic expression.'),
(20, 80.25, '120 Stylish Rd, Milan, Italy', 'Milan Fashion Spectrum', 'Join us for a showcase of the fashion spectrum in Milan. This exhibition highlights innovative designs from local talents.'),
(21, 95.00, '121 Elegant Ln, Toronto, Canada', 'Toronto Fashion Experience', 'Explore the Canadian fashion scene at this exciting exhibition. Designers will present their latest works and trends.'),
(22, 90.50, '122 Glamour St, London, UK', 'London Style Revolution', 'Experience a revolution in London fashion with this dynamic exhibition. Watch designers showcase their innovative concepts.'),
(23, 100.00, '123 Trendy Rd, Tokyo, Japan', 'Tokyo Fashion Fusion', 'Join us for a fusion of traditional and modern styles in Tokyo. This exhibition celebrates the rich heritage of Japanese fashion.'),
(24, 70.00, '124 Artistic Blvd, Barcelona, Spain', 'Barcelona Fashion Innovation', 'Explore innovative designs and creative ideas in Barcelona. This exhibition showcases the best in modern fashion.'),
(25, 85.50, '125 Stylish Ln, Sydney, Australia', 'Sydney Fashion Celebration', 'Celebrate the latest trends in Australian fashion at this exhibition. Expect a showcase of stunning designs and talent.'),
(26, 60.00, '126 Unique Rd, Milan, Italy', 'Milan Fashion Illusions', 'Experience the magic of fashion through this captivating exhibition. Designers will showcase their most imaginative creations.'),
(27, 75.50, '127 Couture Rd, New York, NY 10001', 'New York Fashion Explosion', 'Join us for an explosion of colors and styles in New York. This exhibition features diverse designers and their unique visions.'),
(28, 90.25, '128 Trendy Ave, Paris, France', 'Paris Fashion Gala', 'Celebrate the elegance of Parisian fashion at this prestigious exhibition. Designers will showcase their finest creations.'),
(29, 80.75, '129 Stylish Rd, Berlin, Germany', 'Berlin Fashion Spotlight', 'Explore the latest trends and styles in Berlin fashion. This exhibition features emerging talents and their innovative designs.'),
(30, 95.00, '130 Glamour St, London, UK', 'London Fashion Inspirations', 'Join us for a showcase of inspirational designs from London’s best. This exhibition celebrates creativity and innovation.'),
(31, 60.50, '131 Artistic Blvd, Tokyo, Japan', 'Tokyo Creative Showcase', 'Experience the creativity of Tokyo’s fashion scene at this exhibition. Designers will present their imaginative collections.'),
(32, 75.50, '132 Unique Rd, Barcelona, Spain', 'Barcelona Fashion Encounter', 'Discover the rich diversity of fashion in Barcelona. This exhibition highlights both local and international designers.'),
(33, 90.00, '133 Stylish Ln, Sydney, Australia', 'Sydney Fashion Scene', 'Celebrate the vibrant fashion scene in Sydney with this exciting exhibition. Expect bold designs and creative concepts.'),
(34, 70.00, '134 Glamour Rd, New York, NY 10001', 'New York Chic Show', 'Join us for a celebration of chic designs and modern aesthetics. This exhibition showcases talented designers from New York.'),
(35, 85.25, '135 Trendy Blvd, Paris, France', 'Paris Fashion Extravaganza', 'Experience a spectacular display of fashion in Paris. This exhibition features stunning designs from top talents.'),
(36, 100.00, '136 Stylish Rd, Milan, Italy', 'Milan Fashion Voyage', 'Join us for a journey through Milan’s finest fashion. This exhibition showcases innovative designs and creative flair.'),
(37, 90.50, '137 Artistic Ln, Toronto, Canada', 'Toronto Fashion Parade', 'Celebrate the creativity of Canadian designers at this exhibition. Expect a showcase of unique styles and concepts.'),
(38, 60.75, '138 Couture St, London, UK', 'London Fashion Escapade', 'Experience a journey through the latest trends in London fashion. This exhibition highlights the creativity of local designers.'),
(39, 75.50, '139 Trendy Rd, Sydney, Australia', 'Sydney Fashion Fusion', 'Celebrate the fusion of cultures in Australian fashion. This exhibition features diverse designers and their creative expressions.'),
(40, 90.00, '140 Glamour Blvd, Barcelona, Spain', 'Barcelona Fashion Revelations', 'Join us for a showcase of revelations in Barcelona fashion. This exhibition highlights innovative designs and artistic expressions.'),
(41, 70.00, '141 Unique Rd, New York, NY 10001', 'New York Style Spotlight', 'Explore the latest styles in the heart of New York. This exhibition showcases emerging designers and their unique visions.'),
(42, 85.00, '142 Chic St, Paris, France', 'Paris Fashion Dreams', 'Experience the dreams of fashion come to life in Paris. This exhibition will feature stunning designs and creative talent.'),
(43, 90.50, '143 Trendy Ln, Milan, Italy', 'Milan Fashion Showcase', 'Join us for a showcase of the latest trends in Milan. This exhibition features innovative designs from top designers.'),
(44, 100.00, '144 Stylish Ave, Tokyo, Japan', 'Tokyo Fashion Festival', 'Celebrate the vibrant culture of Tokyo through fashion. This exhibition showcases creative designs and artistic expression.'),
(45, 60.50, '145 Elegant Rd, London, UK', 'London Fashion Scene', 'Join us for an exploration of the London fashion scene. This exhibition highlights the best of local and international talent.'),
(46, 75.50, '146 Artistic Blvd, Barcelona, Spain', 'Barcelona Fashion Fusion', 'Experience the fusion of styles in Barcelona fashion. This exhibition celebrates creativity and innovation.'),
(47, 90.00, '147 Glamour St, Sydney, Australia', 'Sydney Fashion Inspirations', 'Celebrate the latest inspirations in Australian fashion. This exhibition features stunning designs and talented creators.'),
(48, 80.00, '148 Trendy Rd, New York, NY 10001', 'New York Fashion Inspirations', 'Join us for an inspiring showcase of New York fashion. This exhibition features the latest trends and creative concepts.'),
(49, 95.25, '149 Stylish Rd, Paris, France', 'Paris Fashion Showcase', 'Experience the elegance and creativity of Parisian fashion. This exhibition features a diverse range of talented designers.'),
(50, 100.50, '150 Unique Blvd, Milan, Italy', 'Milan Fashion Odyssey', 'Explore a journey through fashion at this captivating exhibition. Designers will present their latest works and innovative ideas.');

-- Add values to table partake_to
INSERT INTO partake_to (fashion_exhibitions_id, fashion_models_personal_id) 
VALUES
(5, 131),
(27, 41),
(26, 25),
(4, 138),
(44, 33),
(48, 127),
(35, 67),
(36, 94),
(22, 34),
(3, 52),
(19, 91),
(38, 106),
(28, 20),
(6, 31),
(16, 75),
(9, 129),
(49, 29),
(2, 35),
(21, 27),
(7, 8),
(13, 51),
(42, 97),
(45, 11),
(1, 117),
(41, 142),
(29, 113),
(23, 73),
(30, 22),
(50, 9),
(17, 101),
(25, 141),
(39, 44),
(11, 108),
(14, 105),
(31, 1),
(40, 112),
(15, 99),
(8, 81),
(18, 93),
(46, 79),
(20, 17),
(32, 147),
(12, 130),
(43, 121),
(10, 65),
(34, 134),
(47, 126),
(37, 66),
(33, 64),
(24, 39),
(38, 108),
(12, 55),
(33, 79),
(24, 18),
(36, 76),
(33, 89),
(29, 56),
(13, 145),
(18, 149),
(19, 49),
(30, 2),
(3, 25),
(5, 102),
(9, 5),
(19, 132),
(7, 111),
(12, 23),
(41, 21),
(5, 12),
(11, 16),
(27, 137),
(5, 28),
(45, 85),
(49, 3),
(48, 63),
(8, 98),
(31, 127),
(40, 38),
(16, 36),
(26, 41),
(9, 78),
(26, 143),
(39, 68),
(9, 10),
(13, 22),
(37, 128),
(35, 84),
(3, 65),
(41, 26),
(34, 8),
(38, 129),
(28, 104),
(21, 141),
(36, 46),
(49, 112),
(34, 109),
(31, 24),
(27, 121),
(42, 122),
(4, 105),
(39, 88),
(27, 114),
(27, 19),
(27, 14),
(5, 37),
(36, 91),
(2, 60),
(22, 90),
(48, 35),
(26, 117),
(38, 134),
(4, 99),
(40, 31),
(41, 115),
(21, 123),
(25, 59),
(24, 48),
(27, 75),
(33, 61),
(33, 1),
(7, 87),
(15, 144),
(26, 45),
(20, 62),
(12, 27),
(38, 119),
(50, 13),
(31, 150),
(41, 77),
(23, 81),
(22, 103),
(48, 130),
(32, 80),
(9, 107),
(19, 42),
(47, 74),
(41, 147),
(19, 11),
(5, 93),
(2, 131),
(41, 66),
(44, 101),
(29, 43),
(4, 94),
(16, 96),
(32, 125),
(33, 148),
(25, 135),
(17, 57),
(20, 136),
(8, 116),
(40, 39),
(22, 44),
(37, 140),
(42, 86),
(26, 118),
(36, 30),
(49, 47),
(11, 142),
(34, 126),
(21, 34),
(50, 40),
(2, 120),
(31, 50),
(46, 20),
(2, 4),
(10, 69),
(28, 52),
(32, 139),
(29, 6),
(45, 110),
(42, 95),
(6, 70),
(34, 146),
(44, 32),
(26, 82),
(24, 15),
(12, 64),
(5, 17),
(42, 92),
(3, 133),
(23, 29),
(36, 73),
(17, 106),
(22, 58),
(45, 124),
(29, 9),
(25, 7),
(49, 53),
(1, 83),
(21, 100),
(36, 33),
(42, 138),
(48, 54),
(42, 51),
(39, 67),
(5, 71),
(10, 97),
(47, 72),
(43, 85),
(15, 136),
(50, 112),
(21, 5),
(34, 80),
(50, 52),
(23, 144),
(38, 143),
(46, 78),
(44, 35),
(37, 23),
(40, 17),
(29, 18),
(12, 48),
(24, 44),
(35, 96),
(1, 35),
(11, 139),
(22, 146),
(41, 24),
(35, 127),
(36, 36),
(26, 10),
(6, 56),
(19, 133),
(37, 44),
(34, 39),
(42, 67),
(44, 36),
(35, 126),
(40, 2),
(35, 115),
(10, 57),
(43, 23),
(6, 41),
(9, 15),
(34, 76),
(47, 89),
(5, 85),
(5, 94),
(9, 121),
(20, 82),
(35, 118),
(14, 74),
(48, 89),
(34, 100),
(16, 136),
(37, 77),
(4, 114),
(29, 73),
(2, 74),
(11, 20),
(15, 58),
(41, 121),
(42, 71),
(11, 1),
(45, 12),
(8, 128),
(35, 28),
(28, 56),
(24, 61),
(41, 49),
(48, 97),
(9, 117),
(8, 134),
(47, 3),
(19, 18),
(48, 42),
(34, 26),
(25, 46),
(24, 36),
(49, 74),
(18, 119),
(48, 146),
(18, 74),
(16, 123),
(13, 10),
(19, 110),
(6, 30),
(9, 97),
(29, 67),
(2, 102),
(29, 109),
(5, 8),
(13, 149),
(24, 100),
(6, 94),
(34, 25),
(2, 145),
(17, 137),
(5, 120),
(30, 109),
(5, 72),
(50, 12),
(26, 123),
(42, 81),
(23, 88),
(9, 86),
(10, 25),
(15, 125),
(47, 70),
(21, 90),
(43, 65),
(30, 125),
(34, 34),
(26, 84),
(33, 28),
(9, 66),
(29, 125),
(32, 99),
(11, 39),
(14, 73),
(37, 61),
(30, 84),
(16, 67),
(32, 102),
(42, 96),
(34, 19),
(8, 78),
(9, 16),
(5, 66),
(38, 94),
(41, 116),
(14, 32),
(34, 114),
(25, 95),
(39, 48),
(13, 146),
(30, 62),
(28, 98),
(38, 107),
(18, 143),
(34, 140),
(2, 91),
(11, 105),
(10, 101),
(45, 136),
(43, 6),
(3, 24),
(47, 48),
(15, 106),
(45, 94),
(2, 94),
(25, 123),
(44, 42),
(16, 57),
(34, 96),
(6, 110),
(9, 46),
(50, 114),
(33, 63),
(42, 46),
(20, 125),
(11, 146),
(33, 4),
(42, 101),
(48, 129),
(31, 132),
(13, 109),
(43, 149),
(10, 4),
(7, 36),
(47, 75),
(19, 120),
(45, 60),
(19, 83),
(30, 121),
(25, 30),
(9, 95),
(48, 147),
(31, 41),
(11, 83),
(22, 42),
(50, 89),
(1, 78),
(2, 105),
(18, 83),
(35, 100),
(8, 17),
(22, 86),
(21, 146),
(7, 70),
(41, 20),
(19, 116),
(5, 42),
(11, 22),
(4, 90),
(32, 22),
(25, 136),
(4, 121),
(14, 145),
(40, 133),
(11, 30),
(8, 72),
(3, 57),
(28, 9),
(24, 64),
(18, 141),
(37, 108),
(46, 125),
(24, 98),
(43, 4),
(5, 147),
(30, 138),
(2, 31),
(13, 25),
(27, 92),
(41, 32),
(36, 136),
(17, 79),
(39, 144),
(21, 137),
(12, 87),
(49, 139),
(16, 15),
(31, 31),
(9, 6),
(21, 15),
(34, 104),
(10, 68),
(36, 61),
(36, 139),
(35, 94),
(38, 64),
(14, 114),
(42, 76),
(26, 124),
(46, 4),
(42, 126),
(18, 116),
(23, 16),
(18, 90),
(17, 140),
(15, 131),
(32, 30),
(22, 143),
(3, 108),
(21, 28),
(12, 71),
(44, 52),
(18, 77),
(42, 65),
(8, 92),
(43, 10),
(18, 46),
(10, 118),
(15, 39),
(5, 53),
(6, 27),
(44, 9),
(7, 122),
(50, 23),
(46, 23),
(37, 10),
(15, 44),
(39, 71),
(43, 76),
(25, 115),
(23, 30),
(5, 113),
(7, 95),
(27, 107),
(36, 32),
(15, 9),
(32, 28),
(12, 8),
(47, 60),
(9, 123),
(21, 19),
(25, 118),
(21, 68),
(26, 86),
(11, 63),
(34, 87),
(37, 142),
(38, 38),
(22, 3),
(13, 110),
(29, 60),
(28, 63),
(8, 41),
(26, 146),
(40, 100),
(39, 65),
(22, 25),
(12, 124),
(28, 8),
(4, 145);

-- Add values for table fabrics
INSERT INTO fabrics (id, price_per_square_meter, name) 
VALUES
(1, 15.99, 'Cotton Poplin'),
(2, 25.50, 'Silk Satin'),
(3, 8.75, 'Polyester Blend'),
(4, 12.30, 'Linen'),
(5, 22.99, 'Wool Tweed'),
(6, 30.00, 'Bamboo Fabric'),
(7, 10.20, 'Denim'),
(8, 18.80, 'Viscose'),
(9, 14.50, 'Rayon Challis'),
(10, 35.00, 'Cashmere'),
(11, 20.75, 'Taffeta'),
(12, 5.99, 'Jersey Knit'),
(13, 9.50, 'Canvas'),
(14, 17.85, 'Gabardine'),
(15, 40.00, 'Silk Organza'),
(16, 11.15, 'Cotton Twill'),
(17, 7.25, 'Microfiber'),
(18, 13.45, 'Crêpe'),
(19, 33.30, 'Brocade'),
(20, 29.99, 'Modal'),
(21, 24.00, 'Faux Leather'),
(22, 15.75, 'Spandex Blend'),
(23, 19.60, 'Georgette'),
(24, 27.50, 'Hemp Fabric'),
(25, 6.45, 'Tulle'),
(26, 12.90, 'Chiffon'),
(27, 3.75, 'Nylon'),
(28, 34.90, 'Satin Stretch'),
(29, 25.25, 'Fleece'),
(30, 16.80, 'Silk Charmeuse'),
(31, 22.50, 'Bamboo Cotton'),
(32, 10.99, 'Pique Knit'),
(33, 8.00, 'Polyester Satin'),
(34, 14.75, 'Jacquard'),
(35, 36.40, 'Lace'),
(36, 21.00, 'Cotton Velvet'),
(37, 4.90, 'Terry Cloth'),
(38, 9.85, 'Ripstop Nylon'),
(39, 38.25, 'Stretch Denim'),
(40, 19.99, 'Faux Fur'),
(41, 11.30, 'Wax Print'),
(42, 30.20, 'Silk Habotai'),
(43, 13.50, 'Wool Felt'),
(44, 5.20, 'Lycra'),
(45, 7.80, 'Taffeta Satin'),
(46, 28.50, 'Satin Backed Crepe'),
(47, 12.45, 'Polycotton'),
(48, 9.99, 'Poplin Cotton'),
(49, 2.50, 'Canvas Duck'),
(50, 35.99, 'Vegan Leather'),
(51, 20.00, 'Embroidered Organza'),
(52, 15.20, 'Silk Georgette'),
(53, 23.75, 'Ribbed Knit'),
(54, 6.80, 'Stretch Jersey'),
(55, 40.00, 'Silk Mikado'),
(56, 34.00, 'Crushed Velvet'),
(57, 17.00, 'Mesh Fabric'),
(58, 29.99, 'Flannel'),
(59, 3.80, 'Chino'),
(60, 10.60, 'Bamboo Linen'),
(61, 8.30, 'Hemp Cotton'),
(62, 14.90, 'Silk Sateen'),
(63, 5.50, 'Netting'),
(64, 25.00, 'Suede Fabric'),
(65, 18.20, 'Cotton Linen Blend'),
(66, 11.99, 'Satin Spandex'),
(67, 22.10, 'Pongee Silk'),
(68, 9.60, 'Ripstop Fabric'),
(69, 19.45, 'Seersucker'),
(70, 12.75, 'Dobby Weave'),
(71, 35.50, 'Leather Suede'),
(72, 27.99, 'Boucle Fabric'),
(73, 20.50, 'Silk Taffeta'),
(74, 4.25, 'Polyester Mesh'),
(75, 15.00, 'Shantung Silk'),
(76, 29.00, 'Acrylic Fabric'),
(77, 7.45, 'Bamboo Jersey'),
(78, 13.95, 'Technical Fabric'),
(79, 8.90, 'Silk Cotton Blend'),
(80, 3.50, 'Waffle Fabric'),
(81, 12.20, 'Faux Suede'),
(82, 9.30, 'Interlock Knit'),
(83, 36.75, 'Taffeta Crepe'),
(84, 14.60, 'Silk Chiffon'),
(85, 22.30, 'Vinyl Fabric'),
(86, 10.15, 'Wool Cashmere Blend'),
(87, 28.75, 'Silk Crepe de Chine'),
(88, 2.99, 'Cotton Muslin'),
(89, 25.50, 'Nylon Spandex'),
(90, 18.45, 'Jersey Rayon'),
(91, 11.55, 'Lightweight Denim'),
(92, 40.00, 'Silk Faille'),
(93, 30.10, 'Fleece Lining'),
(94, 5.25, 'Cotton Batiste'),
(95, 20.99, 'Scuba Fabric'),
(96, 15.80, 'Satin Silk Blend'),
(97, 9.15, 'Performance Knit'),
(98, 34.50, 'Silk Organza Blend'),
(99, 8.50, 'Canvas Print'),
(100, 19.20, 'Linen Blend');

-- Add values for table made_of
INSERT INTO made_of (fabrics_id1, fabrics_id2, amount) 
VALUES
(1, 2, 60),
(1, 3, 40),
(4, 5, 75),
(4, 6, 25),
(7, 9, 30),
(7, 10, 70),
(8, 10, 50),
(8, 12, 30),
(8, 13, 20),
(11, 12, 40),
(11, 13, 30),
(11, 16, 30),
(14, 23, 20),
(14, 24, 80),
(15, 22, 40),
(15, 24, 60),
(17, 29, 30),
(17, 30, 70),
(20, 40, 40),
(20, 41, 40),
(20, 42, 10),
(20, 50, 10),
(25, 41, 25),
(25, 42, 75),
(28, 42, 20),
(28, 44, 80),
(31, 44, 25),
(31, 46, 75),
(37, 47, 50),
(37, 49, 35),
(37, 50, 15),
(48, 49, 99),
(48, 50, 1);

-- Add values in table dresses
INSERT INTO dresses(id, size, colour, production_time, fashion_models_personal_id)
VALUES
(1, 'XXL', 'MediumVioletRed', 166.64, 1),
(2, 'S', 'Purple', 239.03, 2),
(3, 'L', 'RosyBrown', 173.59, 3),
(4, 'L', 'PeachPuff', 146.76, 4),
(5, 'XXL', 'BlanchedAlmond', 195.63, 5),
(6, 'XXL', 'PeachPuff', 102.75, 6),
(7, 'XXS', 'MediumPurple', 124.66, 7),
(8, 'UNI', 'Lavender', 67.4, 8),
(9, 'XL', 'CadetBlue', 248.39, 9),
(10, 'XXL', 'Tan', 223.89, 10),
(11, 'M', 'Sienna', 293.1, 11),
(12, 'XXL', 'Pink', 68.47, 12),
(13, 'XS', 'DarkOrange', 65.94, 13),
(14, 'XXL', 'LimeGreen', 279.43, 14),
(15, 'UNI', 'OrangeRed', 146.49, 15),
(16, 'XS', 'MistyRose', 256.97, 16),
(17, 'S', 'FloralWhite', 137.47, 17),
(18, 'S', 'SlateBlue', 283.8, 18),
(19, 'UNI', 'Green', 226.88, 19),
(20, 'L', 'LightSteelBlue', 119.39, 20),
(21, 'S', 'LightCoral', 238.0, 21),
(22, 'XS', 'Yellow', 267.51, 22),
(23, 'XXL', 'DodgerBlue', 257.12, 23),
(24, 'S', 'LimeGreen', 65.41, 24),
(25, 'XXS', 'Peru', 288.31, 25),
(26, 'M', 'CornflowerBlue', 133.92, 26),
(27, 'XXL', 'OldLace', 229.75, 27),
(28, 'XXL', 'Tan', 183.79, 28),
(29, 'UNI', 'RoyalBlue', 150.08, 29),
(30, 'M', 'DarkKhaki', 67.83, 30),
(31, 'S', 'Bisque', 101.15, 31),
(32, 'L', 'Black', 298.57, 32),
(33, 'UNI', 'Maroon', 230.46, 33),
(34, 'UNI', 'PaleVioletRed', 169.08, 34),
(35, 'L', 'DarkGoldenRod', 167.88, 35),
(36, 'M', 'LightGreen', 64.6, 36),
(37, 'XXS', 'LightPink', 166.77, 37),
(38, 'XL', 'Indigo', 255.48, 38),
(39, 'XS', 'Thistle', 159.12, 39),
(40, 'XXS', 'MediumVioletRed', 274.6, 40),
(41, 'UNI', 'DarkKhaki', 189.99, 41),
(42, 'S', 'PaleTurquoise', 97.57, 42),
(43, 'L', 'MediumPurple', 78.27, 43),
(44, 'XXS', 'DodgerBlue', 268.91, 44),
(45, 'UNI', 'Gray', 72.04, 45),
(46, 'S', 'Cyan', 225.43, 46),
(47, 'L', 'RosyBrown', 240.9, 47),
(48, 'L', 'Cornsilk', 104.51, 48),
(49, 'UNI', 'LavenderBlush', 219.37, 49),
(50, 'L', 'Azure', 284.67, 50),
(51, 'XXL', 'PaleTurquoise', 84.73, 51),
(52, 'XXS', 'RosyBrown', 70.84, 52),
(53, 'XXS', 'Gold', 62.48, 53),
(54, 'UNI', 'White', 78.51, 54),
(55, 'XL', 'DeepPink', 83.43, 55),
(56, 'UNI', 'Chartreuse', 298.11, 56),
(57, 'XXL', 'Ivory', 211.22, 57),
(58, 'XS', 'AntiqueWhite', 252.63, 58),
(59, 'S', 'DeepPink', 224.97, 59),
(60, 'UNI', 'SandyBrown', 128.79, 60),
(61, 'XXS', 'BurlyWood', 247.07, 61),
(62, 'XXL', 'DarkGray', 76.81, 62),
(63, 'UNI', 'LightSkyBlue', 120.35, 63),
(64, 'UNI', 'DarkSlateBlue', 247.96, 64),
(65, 'XXS', 'LavenderBlush', 176.86, 65),
(66, 'M', 'GreenYellow', 290.34, 66),
(67, 'S', 'Yellow', 230.99, 67),
(68, 'L', 'LightSalmon', 215.07, 68),
(69, 'UNI', 'Lavender', 85.74, 69),
(70, 'UNI', 'PeachPuff', 225.1, 70),
(71, 'S', 'MidnightBlue', 295.74, 71),
(72, 'XL', 'Snow', 181.27, 72),
(73, 'S', 'DarkGoldenRod', 84.34, 73),
(74, 'S', 'SandyBrown', 197.46, 74),
(75, 'XL', 'Gray', 93.14, 75),
(76, 'XS', 'PowderBlue', 119.67, 76),
(77, 'XXL', 'MediumSeaGreen', 141.31, 77),
(78, 'XS', 'Plum', 161.21, 78),
(79, 'M', 'Navy', 269.75, 79),
(80, 'S', 'MistyRose', 81.33, 80),
(81, 'XL', 'Salmon', 66.73, 81),
(82, 'S', 'Brown', 196.84, 82),
(83, 'M', 'Olive', 291.93, 83),
(84, 'M', 'LightBlue', 148.2, 84),
(85, 'UNI', 'PaleGreen', 75.82, 85),
(86, 'S', 'MediumSeaGreen', 262.23, 86),
(87, 'XXS', 'MediumBlue', 92.96, 87),
(88, 'UNI', 'OldLace', 70.92, 88),
(89, 'XS', 'Red', 201.59, 89),
(90, 'XXL', 'Maroon', 66.21, 90),
(91, 'M', 'LightSkyBlue', 178.66, 91),
(92, 'XXS', 'MediumOrchid', 119.87, 92),
(93, 'M', 'Salmon', 194.38, 93),
(94, 'XXL', 'Chocolate', 242.24, 94),
(95, 'UNI', 'Cornsilk', 83.69, 95),
(96, 'UNI', 'MintCream', 138.6, 96),
(97, 'M', 'SlateBlue', 233.94, 97),
(98, 'XL', 'Magenta', 133.37, 98),
(99, 'XL', 'LightPink', 221.97, 99),
(100, 'L', 'Azure', 60.09, 100),
(101, 'M', 'DarkGray', 239.53, 101),
(102, 'UNI', 'Gainsboro', 207.64, 102),
(103, 'S', 'PapayaWhip', 266.65, 103),
(104, 'XXS', 'LightSlateGray', 266.99, 104),
(105, 'M', 'MidnightBlue', 75.71, 105),
(106, 'UNI', 'MidnightBlue', 288.57, 106),
(107, 'XS', 'SkyBlue', 172.87, 107),
(108, 'UNI', 'HoneyDew', 181.87, 108),
(109, 'S', 'HoneyDew', 293.4, 109),
(110, 'XXL', 'Beige', 177.71, 110),
(111, 'S', 'DarkRed', 263.23, 111),
(112, 'M', 'Crimson', 195.06, 112),
(113, 'XXS', 'Coral', 84.34, 113),
(114, 'S', 'CadetBlue', 75.66, 114),
(115, 'M', 'LightCyan', 196.43, 115),
(116, 'S', 'Wheat', 101.43, 116),
(117, 'UNI', 'SeaGreen', 133.41, 117),
(118, 'L', 'DarkViolet', 237.04, 118),
(119, 'M', 'Blue', 192.77, 119),
(120, 'M', 'Tomato', 202.4, 120),
(121, 'S', 'DarkSeaGreen', 278.53, 121),
(122, 'XXS', 'LightCyan', 62.67, 122),
(123, 'UNI', 'DarkMagenta', 261.52, 123),
(124, 'UNI', 'LightPink', 246.64, 124),
(125, 'UNI', 'Lime', 289.37, 125),
(126, 'UNI', 'Olive', 227.33, 126),
(127, 'XS', 'Moccasin', 238.37, 127),
(128, 'XL', 'DarkMagenta', 93.6, 128),
(129, 'UNI', 'MintCream', 220.84, 129),
(130, 'XXL', 'BurlyWood', 82.59, 130),
(131, 'XXS', 'Brown', 74.85, 131),
(132, 'XL', 'PeachPuff', 92.72, 132),
(133, 'L', 'CadetBlue', 107.96, 133),
(134, 'XS', 'OldLace', 82.02, 134),
(135, 'L', 'LightSeaGreen', 263.48, 135),
(136, 'M', 'Wheat', 235.68, 136),
(137, 'M', 'AntiqueWhite', 178.77, 137),
(138, 'UNI', 'Tomato', 214.84, 138),
(139, 'XL', 'MediumTurquoise', 279.57, 139),
(140, 'XL', 'Salmon', 113.71, 140),
(141, 'S', 'BurlyWood', 217.18, 141),
(142, 'UNI', 'HoneyDew', 153.04, 142),
(143, 'XL', 'Peru', 218.41, 143),
(144, 'XXS', 'Ivory', 244.27, 144),
(145, 'M', 'SeaShell', 140.86, 145),
(146, 'L', 'Indigo', 210.37, 146),
(147, 'S', 'MidnightBlue', 276.64, 147),
(148, 'XXL', 'AliceBlue', 217.88, 148),
(149, 'UNI', 'LightSteelBlue', 272.46, 149),
(150, 'XS', 'SlateGray', 129.42, 150),
(151, 'UNI', 'Chocolate', 159.12, 69),
(152, 'XS', 'Tan', 295.13, 58),
(153, 'XS', 'Beige', 111.37, 76),
(154, 'XXS', 'RoyalBlue', 83.26, 122),
(155, 'XS', 'GoldenRod', 234.53, 58),
(156, 'M', 'RoyalBlue', 282.37, 101),
(157, 'XS', 'MediumPurple', 70.7, 39),
(158, 'S', 'DeepPink', 258.11, 121),
(159, 'UNI', 'PowderBlue', 112.04, 107),
(160, 'XXS', 'Maroon', 289.69, 40),
(161, 'XL', 'DarkTurquoise', 220.87, 143),
(162, 'XXL', 'NavajoWhite', 111.78, 27),
(163, 'UNI', 'DarkSlateGray', 275.3, 142),
(164, 'UNI', 'DarkCyan', 268.16, 70),
(165, 'UNI', 'BlueViolet', 248.63, 123),
(166, 'UNI', 'OliveDrab', 89.91, 119),
(167, 'UNI', 'PeachPuff', 154.52, 34),
(168, 'UNI', 'SeaShell', 62.45, 35),
(169, 'L', 'PaleTurquoise', 148.63, 3),
(170, 'XS', 'DarkGray', 237.83, 63),
(171, 'XS', 'Moccasin', 103.94, 150),
(172, 'XXL', 'DarkGray', 284.99, 1),
(173, 'M', 'SeaShell', 201.63, 11),
(174, 'S', 'Azure', 184.16, 73),
(175, 'XXL', 'DarkSalmon', 92.51, 6),
(176, 'XXL', 'LightGreen', 102.87, 94),
(177, 'UNI', 'MidnightBlue', 179.61, 88),
(178, 'XXL', 'Beige', 273.88, 90),
(179, 'XL', 'PaleTurquoise', 218.63, 81),
(180, 'XXS', 'LightBlue', 124.95, 7),
(181, 'UNI', 'Olive', 119.65, 59),
(182, 'L', 'LimeGreen', 112.13, 49),
(183, 'L', 'Khaki', 275.48, 100),
(184, 'UNI', 'DarkTurquoise', 112.9, 41),
(185, 'UNI', 'LightSteelBlue', 277.43, 124),
(186, 'M', 'LightCyan', 208.4, 101),
(187, 'S', 'LightSkyBlue', 134.37, 42),
(188, 'XXL', 'Purple', 212.01, 130),
(189, 'XS', 'DimGray', 102.52, 63),
(190, 'XS', 'DarkSeaGreen', 200.24, 134),
(191, 'XXL', 'MediumTurquoise', 228.55, 62),
(192, 'L', 'Pink', 210.79, 133),
(193, 'XXL', 'Violet', 264.23, 110),
(194, 'XXS', 'PaleTurquoise', 232.42, 113),
(195, 'XL', 'Lime', 100.72, 99),
(196, 'M', 'Peru', 66.83, 11),
(197, 'S', 'Indigo', 134.52, 109),
(198, 'L', 'LightSlateGray', 112.48, 118),
(199, 'S', 'Chartreuse', 152.22, 59),
(200, 'XS', 'LightSalmon', 198.03, 107),
(201, 'S', 'Aqua', 196.01, 141),
(202, 'XL', 'CadetBlue', 237.79, 139),
(203, 'XXL', 'LightYellow', 146.43, 148),
(204, 'M', 'SaddleBrown', 170.44, 145),
(205, 'UNI', 'Sienna', 121.81, 64),
(206, 'XS', 'LightGreen', 117.42, 58),
(207, 'L', 'GreenYellow', 191.33, 100),
(208, 'XXS', 'Turquoise', 80.59, 131),
(209, 'XS', 'Salmon', 240.95, 58),
(210, 'UNI', 'DarkViolet', 119.69, 125),
(211, 'M', 'HotPink', 187.03, 137),
(212, 'XXL', 'IndianRed', 293.53, 23),
(213, 'L', 'Lime', 88.44, 15),
(214, 'XXS', 'Moccasin', 171.67, 52),
(215, 'XXL', 'DarkSalmon', 79.23, 77),
(216, 'L', 'MediumSlateBlue', 195.91, 32),
(217, 'UNI', 'Orange', 205.12, 54),
(218, 'XL', 'DarkMagenta', 203.82, 98),
(219, 'UNI', 'LightSlateGray', 71.02, 55),
(220, 'XXL', 'LightCoral', 216.45, 28),
(221, 'UNI', 'DarkCyan', 204.32, 53),
(222, 'S', 'Thistle', 159.95, 46),
(223, 'S', 'Magenta', 73.04, 67),
(224, 'L', 'GreenYellow', 194.75, 4),
(225, 'L', 'DarkSeaGreen', 106.95, 3),
(226, 'S', 'Indigo', 199.56, 42),
(227, 'UNI', 'LawnGreen', 133.03, 102),
(228, 'XXL', 'Aquamarine', 179.01, 5),
(229, 'S', 'BlueViolet', 134.21, 141),
(230, 'M', 'MediumAquaMarine', 289.59, 30),
(231, 'S', 'LightSlateGray', 191.0, 114),
(232, 'XXL', 'MistyRose', 293.11, 28),
(233, 'XS', 'OliveDrab', 197.12, 107),
(234, 'XL', 'LightPink', 243.91, 98),
(235, 'UNI', 'LightSlateGray', 110.57, 124),
(236, 'XXL', 'Wheat', 185.99, 12),
(237, 'UNI', 'MediumSpringGreen', 232.08, 89),
(238, 'L', 'LightYellow', 107.91, 3),
(239, 'UNI', 'DarkTurquoise', 182.89, 2),
(240, 'XXS', 'DeepSkyBlue', 63.04, 104),
(241, 'L', 'MediumSeaGreen', 284.75, 68),
(242, 'S', 'BlanchedAlmond', 186.06, 18),
(243, 'M', 'Magenta', 263.4, 145),
(244, 'UNI', 'OliveDrab', 177.41, 54),
(245, 'M', 'DarkGoldenRod', 164.29, 79),
(246, 'UNI', 'SpringGreen', 161.9, 12),
(247, 'XXS', 'Moccasin', 219.7, 104),
(248, 'XL', 'GoldenRod', 130.77, 75),
(249, 'XXL', 'LightPink', 228.5, 5),
(250, 'XL', 'Peru', 250.74, 143),
(251, 'XXS', 'BlueViolet', 233.36, 87),
(252, 'S', 'Purple', 94.87, 74),
(253, 'XXL', 'RoyalBlue', 186.06, 23),
(254, 'XXS', 'AliceBlue', 115.75, 113),
(255, 'M', 'DarkRed', 61.55, 119),
(256, 'XL', 'Yellow', 90.34, 139),
(257, 'XXS', 'LightCoral', 202.41, 122),
(258, 'UNI', 'Peru', 153.36, 138),
(259, 'S', 'MediumSpringGreen', 165.1, 67),
(260, 'XS', 'Coral', 124.97, 150),
(261, 'S', 'DarkOrchid', 186.77, 67),
(262, 'XXS', 'Purple', 280.17, 95),
(263, 'UNI', 'AntiqueWhite', 176.63, 127),
(264, 'XS', 'Red', 269.03, 13),
(265, 'L', 'Plum', 232.4, 118),
(266, 'L', 'DeepPink', 195.78, 35),
(267, 'UNI', 'Crimson', 187.26, 29),
(268, 'M', 'Bisque', 224.97, 119),
(269, 'UNI', 'DeepPink', 159.23, 29),
(270, 'XXL', 'BlueViolet', 287.44, 77),
(271, 'S', 'PaleTurquoise', 205.76, 17),
(272, 'XXL', 'CornflowerBlue', 100.18, 28),
(273, 'UNI', 'MintCream', 90.0, 88),
(274, 'UNI', 'MediumVioletRed', 104.07, 149),
(275, 'XXS', 'Tomato', 213.18, 53),
(276, 'XS', 'LightSkyBlue', 205.64, 134),
(277, 'UNI', 'Snow', 128.0, 145),
(278, 'M', 'Lavender', 63.7, 120),
(279, 'UNI', 'DimGray', 219.33, 142),
(280, 'M', 'DarkCyan', 207.83, 66),
(281, 'UNI', 'White', 147.8, 104),
(282, 'M', 'MediumVioletRed', 192.45, 83),
(283, 'XXS', 'LightBlue', 109.46, 65),
(284, 'S', 'Thistle', 151.35, 121),
(285, 'XS', 'PeachPuff', 267.76, 41),
(286, 'L', 'DarkGoldenRod', 205.51, 49),
(287, 'UNI', 'Aqua', 162.37, 125),
(288, 'XL', 'LightGray', 255.1, 140),
(289, 'XXL', 'BlanchedAlmond', 206.35, 57),
(290, 'L', 'HotPink', 202.19, 49),
(291, 'L', 'OrangeRed', 186.93, 4),
(292, 'XS', 'LightYellow', 192.73, 13),
(293, 'UNI', 'Lime', 219.62, 19),
(294, 'L', 'Thistle', 243.34, 32),
(295, 'XS', 'Turquoise', 105.52, 89),
(296, 'UNI', 'Moccasin', 263.33, 72),
(297, 'XXL', 'MintCream', 90.7, 6),
(298, 'XXL', 'Silver', 70.56, 148),
(299, 'XXS', 'ForestGreen', 77.57, 104),
(300, 'XXL', 'DarkRed', 238.36, 94),
(301, 'UNI', 'SeaGreen', 92.01, 85),
(302, 'XXL', 'Gold', 72.86, 62),
(303, 'M', 'SkyBlue', 263.26, 83),
(304, 'M', 'LightSalmon', 96.23, 97),
(305, 'XS', 'Chocolate', 151.92, 16),
(306, 'UNI', 'OliveDrab', 73.43, 127),
(307, 'UNI', 'LightGreen', 103.32, 72),
(308, 'UNI', 'LawnGreen', 98.58, 19),
(309, 'UNI', 'SeaShell', 158.08, 31),
(310, 'XL', 'Gainsboro', 63.64, 81),
(311, 'XXL', 'DarkOrange', 131.91, 12),
(312, 'UNI', 'AliceBlue', 170.43, 96),
(313, 'M', 'MediumTurquoise', 153.71, 105),
(314, 'S', 'Ivory', 231.43, 24),
(315, 'L', 'Linen', 146.85, 100),
(316, 'XL', 'Gray', 162.08, 75),
(317, 'XS', 'MediumTurquoise', 236.68, 127),
(318, 'M', 'LimeGreen', 221.08, 119),
(319, 'XXS', 'DeepPink', 271.69, 95),
(320, 'XS', 'MediumPurple', 230.65, 58),
(321, 'M', 'MediumPurple', 122.81, 36),
(322, 'XS', 'Chartreuse', 105.72, 78),
(323, 'XXL', 'Khaki', 172.27, 6),
(324, 'M', 'GhostWhite', 83.28, 119),
(325, 'M', 'DarkSalmon', 172.71, 91),
(326, 'S', 'LightCoral', 214.47, 80),
(327, 'UNI', 'Wheat', 106.06, 138),
(328, 'XS', 'Aquamarine', 102.09, 127),
(329, 'L', 'Pink', 137.31, 133),
(330, 'XXL', 'SeaGreen', 89.58, 6),
(331, 'UNI', 'MediumSeaGreen', 78.17, 123),
(332, 'L', 'Gainsboro', 278.25, 133),
(333, 'S', 'LightSeaGreen', 137.59, 82),
(334, 'UNI', 'Snow', 192.62, 54),
(335, 'S', 'Navy', 151.43, 73),
(336, 'UNI', 'CornflowerBlue', 237.01, 61),
(337, 'UNI', 'Ivory', 242.98, 54),
(338, 'XXS', 'LightBlue', 292.48, 53),
(339, 'XXL', 'Black', 233.81, 6),
(340, 'UNI', 'DeepPink', 228.63, 29),
(341, 'UNI', 'PowderBlue', 97.24, 103),
(342, 'M', 'MediumOrchid', 123.47, 79),
(343, 'XXL', 'BlueViolet', 209.6, 5),
(344, 'XXS', 'LimeGreen', 277.49, 52),
(345, 'S', 'DeepSkyBlue', 258.15, 71),
(346, 'UNI', 'Crimson', 110.25, 70),
(347, 'L', 'LightGreen', 226.36, 4),
(348, 'L', 'Coral', 211.71, 100),
(349, 'UNI', 'LawnGreen', 66.51, 96),
(350, 'XL', 'MediumPurple', 86.06, 75),
(351, 'XS', 'DarkSlateGray', 242.18, 22),
(352, 'S', 'GreenYellow', 79.29, 80),
(353, 'XXL', 'LimeGreen', 168.19, 14),
(354, 'XXS', 'GoldenRod', 146.5, 104),
(355, 'UNI', 'LightSlateGray', 219.78, 69),
(356, 'UNI', 'LightBlue', 247.27, 117),
(357, 'XS', 'PeachPuff', 99.66, 22),
(358, 'UNI', 'Green', 289.95, 16),
(359, 'UNI', 'DarkGray', 183.98, 69),
(360, 'L', 'DarkKhaki', 219.58, 118),
(361, 'UNI', 'LightCyan', 68.96, 138),
(362, 'S', 'LightGray', 232.78, 141),
(363, 'S', 'LightSalmon', 272.79, 114),
(364, 'XXL', 'PaleGoldenRod', 273.91, 5),
(365, 'S', 'Sienna', 111.14, 109),
(366, 'XXS', 'Brown', 248.93, 113),
(367, 'XL', 'Beige', 263.15, 38),
(368, 'UNI', 'Tan', 234.27, 85),
(369, 'XXL', 'MintCream', 240.75, 51),
(370, 'L', 'DarkOrange', 212.69, 135),
(371, 'XXS', 'Cyan', 153.48, 144),
(372, 'L', 'Thistle', 246.83, 133),
(373, 'L', 'GreenYellow', 258.62, 20),
(374, 'XXL', 'LightPink', 238.81, 6),
(375, 'M', 'Cyan', 150.53, 97),
(376, 'XS', 'Black', 83.74, 107),
(377, 'UNI', 'Salmon', 173.04, 124),
(378, 'XXS', 'AliceBlue', 132.57, 131),
(379, 'XXL', 'SlateGray', 228.67, 130),
(380, 'L', 'MediumSeaGreen', 135.64, 146),
(381, 'M', 'Peru', 157.9, 137),
(382, 'UNI', 'Red', 136.41, 34),
(383, 'S', 'DarkOrchid', 120.32, 46),
(384, 'XXS', 'LawnGreen', 174.85, 53),
(385, 'UNI', 'Violet', 252.97, 69),
(386, 'XS', 'DarkGreen', 107.68, 78),
(387, 'S', 'PeachPuff', 141.93, 42),
(388, 'XS', 'Aquamarine', 215.08, 89),
(389, 'XL', 'Orchid', 216.36, 38),
(390, 'XXL', 'Cornsilk', 152.19, 14),
(391, 'UNI', 'LightCyan', 94.18, 138),
(392, 'UNI', 'DeepPink', 221.51, 69),
(393, 'UNI', 'LightPink', 131.9, 48),
(394, 'M', 'LightPink', 124.87, 112),
(395, 'XXL', 'DodgerBlue', 250.4, 27),
(396, 'XS', 'Fuchsia', 233.81, 127),
(397, 'XS', 'YellowGreen', 212.55, 78),
(398, 'XXS', 'Silver', 169.35, 113),
(399, 'XXS', 'HoneyDew', 216.47, 53),
(400, 'L', 'Salmon', 220.22, 43),
(401, 'UNI', 'Ivory', 99.92, 31),
(402, 'M', 'PaleGreen', 254.15, 120),
(403, 'UNI', 'MistyRose', 217.89, 76),
(404, 'XXS', 'Wheat', 221.48, 61),
(405, 'XXL', 'DarkOrange', 179.11, 148),
(406, 'M', 'HoneyDew', 281.85, 66),
(407, 'S', 'Snow', 243.35, 82),
(408, 'UNI', 'DarkSlateGray', 249.39, 102),
(409, 'L', 'Crimson', 248.23, 32),
(410, 'XXS', 'LightSlateGray', 124.9, 144),
(411, 'M', 'Tomato', 208.89, 120),
(412, 'XXS', 'Yellow', 214.74, 95),
(413, 'UNI', 'LawnGreen', 286.65, 125),
(414, 'XXL', 'DarkTurquoise', 291.46, 5),
(415, 'XL', 'DarkSlateBlue', 90.24, 75),
(416, 'UNI', 'Teal', 73.59, 56),
(417, 'UNI', 'GreenYellow', 279.46, 28),
(418, 'XS', 'OliveDrab', 213.97, 41),
(419, 'UNI', 'HoneyDew', 251.68, 96),
(420, 'M', 'Khaki', 88.4, 91),
(421, 'XL', 'MintCream', 122.29, 98),
(422, 'XXL', 'Violet', 293.69, 6),
(423, 'UNI', 'OrangeRed', 60.6, 125),
(424, 'XXS', 'MistyRose', 180.08, 53),
(425, 'XL', 'CadetBlue', 278.72, 128),
(426, 'S', 'MediumBlue', 185.61, 18),
(427, 'UNI', 'DimGray', 176.59, 56),
(428, 'M', 'MediumPurple', 190.28, 66),
(429, 'XXL', 'WhiteSmoke', 81.64, 10),
(430, 'XL', 'Beige', 266.64, 38),
(431, 'M', 'Purple', 71.14, 36),
(432, 'XL', 'MediumAquaMarine', 235.63, 98),
(433, 'XXS', 'Fuchsia', 240.96, 104),
(434, 'M', 'HotPink', 281.41, 119),
(435, 'UNI', 'MediumOrchid', 286.02, 43),
(436, 'M', 'PaleGreen', 225.68, 137),
(437, 'UNI', 'MediumSlateBlue', 219.75, 64),
(438, 'UNI', 'Purple', 111.48, 46),
(439, 'UNI', 'LightGreen', 152.53, 106),
(440, 'L', 'LightCyan', 83.42, 49),
(441, 'L', 'Chocolate', 66.46, 135),
(442, 'UNI', 'GreenYellow', 194.59, 127),
(443, 'UNI', 'DeepPink', 114.92, 98),
(444, 'S', 'Tan', 257.25, 74),
(445, 'S', 'MistyRose', 93.59, 42),
(446, 'XXS', 'DarkSeaGreen', 252.93, 7),
(447, 'XL', 'NavajoWhite', 135.43, 38),
(448, 'S', 'OliveDrab', 187.42, 46),
(449, 'XXS', 'DarkKhaki', 262.09, 7),
(450, 'XL', 'Aqua', 195.08, 143);

-- Add values to table composed_of 
INSERT INTO composed_of(dresses_id, fabrics_id, amount)
VALUES
(1, 11, 3),
(1, 17, 97),
(2, 39, 78),
(2, 29, 22),
(3, 44, 100),
(4, 30, 46),
(4, 22, 54),
(5, 49, 27),
(5, 9, 37),
(5, 10, 36),
(6, 25, 79),
(6, 9, 20),
(6, 34, 1),
(7, 20, 82),
(7, 41, 18),
(8, 11, 17),
(8, 1, 83),
(9, 13, 16),
(9, 31, 24),
(9, 7, 60),
(10, 41, 6),
(10, 42, 94),
(11, 30, 18),
(11, 44, 64),
(11, 26, 18),
(12, 6, 6),
(12, 44, 84),
(12, 47, 10),
(13, 11, 43),
(13, 48, 57),
(14, 1, 100),
(15, 20, 100),
(16, 22, 82),
(16, 45, 18),
(17, 25, 83),
(17, 30, 2),
(17, 13, 15),
(18, 2, 83),
(18, 38, 12),
(18, 10, 5),
(19, 30, 4),
(19, 45, 96),
(20, 30, 91),
(20, 48, 5),
(20, 39, 4),
(21, 41, 43),
(21, 6, 57),
(22, 40, 5),
(22, 24, 95),
(23, 50, 22),
(23, 10, 78),
(24, 29, 50),
(24, 34, 50),
(25, 8, 9),
(25, 14, 19),
(25, 11, 72),
(26, 1, 65),
(26, 44, 5),
(26, 50, 30),
(27, 22, 100),
(28, 15, 100),
(29, 24, 18),
(29, 48, 70),
(29, 40, 12),
(30, 43, 26),
(30, 6, 74),
(31, 18, 88),
(31, 9, 9),
(31, 50, 3),
(32, 35, 13),
(32, 34, 87),
(33, 23, 100),
(34, 1, 77),
(34, 42, 18),
(34, 15, 5),
(35, 13, 100),
(36, 16, 91),
(36, 11, 6),
(36, 6, 3),
(37, 28, 52),
(37, 27, 38),
(37, 10, 10),
(38, 31, 23),
(38, 24, 53),
(38, 25, 24),
(39, 34, 100),
(40, 47, 72),
(40, 5, 28),
(41, 44, 100),
(42, 9, 100),
(43, 8, 48),
(43, 15, 49),
(43, 39, 3),
(44, 13, 13),
(44, 31, 21),
(44, 30, 66),
(45, 34, 40),
(45, 8, 24),
(45, 4, 36),
(46, 8, 86),
(46, 34, 4),
(46, 48, 10),
(47, 45, 91),
(47, 27, 4),
(47, 15, 5),
(48, 15, 75),
(48, 45, 25),
(49, 3, 100),
(50, 41, 15),
(50, 31, 69),
(50, 4, 16),
(51, 26, 100),
(52, 6, 71),
(52, 11, 11),
(52, 33, 18),
(53, 3, 100),
(54, 28, 100),
(55, 38, 58),
(55, 13, 42),
(56, 38, 56),
(56, 27, 44),
(57, 49, 34),
(57, 22, 66),
(58, 28, 77),
(58, 3, 23),
(59, 11, 10),
(59, 16, 72),
(59, 28, 18),
(60, 16, 51),
(60, 7, 3),
(60, 49, 46),
(61, 27, 8),
(61, 11, 15),
(61, 40, 77),
(62, 12, 25),
(62, 48, 75),
(63, 24, 35),
(63, 6, 58),
(63, 7, 7),
(64, 32, 61),
(64, 48, 6),
(64, 43, 33),
(65, 20, 5),
(65, 8, 95),
(66, 7, 100),
(67, 24, 62),
(67, 7, 38),
(68, 26, 20),
(68, 5, 80),
(69, 40, 100),
(70, 24, 73),
(70, 39, 27),
(71, 5, 51),
(71, 2, 34),
(71, 47, 15),
(72, 20, 13),
(72, 21, 87),
(73, 6, 42),
(73, 47, 39),
(73, 26, 19),
(74, 7, 35),
(74, 25, 65),
(75, 23, 100),
(76, 41, 61),
(76, 42, 10),
(76, 20, 29),
(77, 12, 100),
(78, 47, 6),
(78, 48, 94),
(79, 6, 77),
(79, 37, 23),
(80, 42, 2),
(80, 24, 98),
(81, 6, 91),
(81, 19, 3),
(81, 18, 6),
(82, 19, 69),
(82, 47, 31),
(83, 47, 87),
(83, 20, 2),
(83, 13, 11),
(84, 49, 100),
(85, 50, 73),
(85, 48, 27),
(86, 13, 100),
(87, 11, 64),
(87, 24, 36),
(88, 33, 90),
(88, 8, 10),
(89, 21, 99),
(89, 41, 1),
(90, 42, 36),
(90, 6, 64),
(91, 43, 4),
(91, 50, 83),
(91, 9, 13),
(92, 22, 96),
(92, 9, 2),
(92, 24, 2),
(93, 4, 100),
(94, 11, 100),
(95, 33, 26),
(95, 25, 74),
(96, 18, 100),
(97, 27, 4),
(97, 29, 22),
(97, 43, 74),
(98, 26, 100),
(99, 31, 82),
(99, 44, 17),
(99, 5, 1),
(100, 3, 41),
(100, 49, 6),
(100, 26, 53),
(101, 41, 22),
(101, 20, 78),
(102, 8, 18),
(102, 32, 28),
(102, 49, 54),
(103, 21, 100),
(104, 44, 100),
(105, 2, 49),
(105, 43, 51),
(106, 28, 100),
(107, 6, 100),
(108, 35, 37),
(108, 36, 63),
(109, 2, 95),
(109, 3, 5),
(110, 46, 100),
(111, 29, 35),
(111, 28, 65),
(112, 30, 49),
(112, 40, 20),
(112, 5, 31),
(113, 25, 31),
(113, 31, 40),
(113, 9, 29),
(114, 11, 28),
(114, 42, 72),
(115, 12, 100),
(116, 23, 62),
(116, 25, 18),
(116, 36, 20),
(117, 10, 12),
(117, 24, 21),
(117, 37, 67),
(118, 9, 53),
(118, 12, 36),
(118, 13, 11),
(119, 4, 47),
(119, 1, 36),
(119, 45, 17),
(120, 34, 91),
(120, 18, 4),
(120, 3, 5),
(121, 32, 100),
(122, 2, 71),
(122, 22, 15),
(122, 19, 14),
(123, 28, 27),
(123, 41, 32),
(123, 13, 41),
(124, 47, 100),
(125, 28, 100),
(126, 17, 100),
(127, 33, 74),
(127, 48, 26),
(128, 36, 100),
(129, 17, 3),
(129, 22, 56),
(129, 45, 41),
(130, 8, 100),
(131, 7, 100),
(132, 46, 15),
(132, 37, 85),
(133, 25, 100),
(134, 29, 68),
(134, 31, 9),
(134, 45, 23),
(135, 30, 26),
(135, 8, 18),
(135, 31, 56),
(136, 40, 100),
(137, 17, 100),
(138, 25, 19),
(138, 24, 81),
(139, 39, 22),
(139, 25, 76),
(139, 33, 2),
(140, 38, 63),
(140, 30, 37),
(141, 5, 68),
(141, 34, 4),
(141, 36, 28),
(142, 37, 54),
(142, 40, 8),
(142, 13, 38),
(143, 28, 100),
(144, 21, 100),
(145, 5, 100),
(146, 33, 100),
(147, 24, 100),
(148, 50, 54),
(148, 23, 46),
(149, 8, 21),
(149, 16, 79),
(150, 13, 90),
(150, 2, 5),
(150, 8, 5),
(151, 35, 27),
(151, 45, 12),
(151, 17, 61),
(152, 19, 61),
(152, 13, 39),
(153, 21, 45),
(153, 33, 49),
(153, 50, 6),
(154, 26, 100),
(155, 11, 100),
(156, 27, 100),
(157, 44, 47),
(157, 45, 39),
(157, 24, 14),
(158, 10, 98),
(158, 14, 1),
(158, 1, 1),
(159, 28, 94),
(159, 15, 1),
(159, 33, 5),
(160, 25, 88),
(160, 14, 9),
(160, 38, 3),
(161, 46, 81),
(161, 41, 19),
(162, 11, 27),
(162, 32, 73),
(163, 33, 100),
(164, 24, 100),
(165, 12, 52),
(165, 15, 38),
(165, 39, 10),
(166, 32, 55),
(166, 33, 9),
(166, 48, 36),
(167, 18, 100),
(168, 7, 10),
(168, 15, 54),
(168, 21, 36),
(169, 30, 100),
(170, 43, 72),
(170, 22, 9),
(170, 18, 19),
(171, 50, 65),
(171, 47, 14),
(171, 26, 21),
(172, 40, 63),
(172, 30, 37),
(173, 34, 100),
(174, 34, 100),
(175, 12, 39),
(175, 10, 24),
(175, 6, 37),
(176, 50, 88),
(176, 9, 3),
(176, 29, 9),
(177, 2, 100),
(178, 7, 100),
(179, 11, 100),
(180, 28, 67),
(180, 2, 27),
(180, 22, 6),
(181, 28, 97),
(181, 22, 3),
(182, 15, 91),
(182, 29, 6),
(182, 13, 3),
(183, 2, 75),
(183, 31, 25),
(184, 21, 100),
(185, 38, 6),
(185, 6, 94),
(186, 14, 16),
(186, 7, 10),
(186, 29, 74),
(187, 24, 19),
(187, 27, 81),
(188, 8, 100),
(189, 8, 59),
(189, 4, 36),
(189, 39, 5),
(190, 34, 17),
(190, 38, 83),
(191, 9, 96),
(191, 26, 4),
(192, 42, 6),
(192, 15, 42),
(192, 24, 52),
(193, 5, 49),
(193, 2, 51),
(194, 46, 100),
(195, 42, 75),
(195, 7, 10),
(195, 35, 15),
(196, 6, 100),
(197, 43, 21),
(197, 26, 79),
(198, 37, 100),
(199, 12, 90),
(199, 2, 9),
(199, 43, 1),
(200, 29, 74),
(200, 16, 16),
(200, 30, 10),
(201, 4, 100),
(202, 2, 100),
(203, 42, 62),
(203, 7, 21),
(203, 8, 17),
(204, 47, 57),
(204, 40, 43),
(205, 9, 100),
(206, 30, 84),
(206, 41, 16),
(207, 46, 1),
(207, 33, 99),
(208, 47, 96),
(208, 1, 2),
(208, 2, 2),
(209, 29, 100),
(210, 3, 100),
(211, 44, 93),
(211, 45, 7),
(212, 16, 30),
(212, 50, 70),
(213, 25, 52),
(213, 22, 40),
(213, 45, 8),
(214, 2, 57),
(214, 46, 25),
(214, 4, 18),
(215, 1, 5),
(215, 7, 95),
(216, 45, 96),
(216, 30, 4),
(217, 40, 100),
(218, 24, 100),
(219, 33, 44),
(219, 13, 47),
(219, 46, 9),
(220, 42, 39),
(220, 1, 10),
(220, 18, 51),
(221, 1, 14),
(221, 30, 65),
(221, 46, 21),
(222, 31, 100),
(223, 29, 1),
(223, 11, 99),
(224, 23, 100),
(225, 16, 55),
(225, 23, 20),
(225, 25, 25),
(226, 11, 100),
(227, 47, 55),
(227, 43, 31),
(227, 32, 14),
(228, 21, 64),
(228, 5, 15),
(228, 42, 21),
(229, 26, 15),
(229, 7, 85),
(230, 17, 14),
(230, 5, 86),
(231, 50, 47),
(231, 37, 16),
(231, 2, 37),
(232, 20, 100),
(233, 27, 46),
(233, 8, 54),
(234, 13, 100),
(235, 16, 83),
(235, 15, 2),
(235, 20, 15),
(236, 19, 18),
(236, 27, 82),
(237, 49, 100),
(238, 27, 36),
(238, 10, 64),
(239, 43, 10),
(239, 31, 71),
(239, 7, 19),
(240, 45, 100),
(241, 27, 69),
(241, 24, 31),
(242, 47, 70),
(242, 5, 11),
(242, 37, 19),
(243, 31, 100),
(244, 4, 98),
(244, 12, 2),
(245, 18, 100),
(246, 26, 100),
(247, 38, 91),
(247, 36, 3),
(247, 11, 6),
(248, 44, 65),
(248, 3, 7),
(248, 22, 28),
(249, 25, 69),
(249, 16, 31),
(250, 11, 96),
(250, 43, 4),
(251, 30, 100),
(252, 27, 100),
(253, 33, 100),
(254, 33, 100),
(255, 49, 20),
(255, 38, 73),
(255, 31, 7),
(256, 48, 19),
(256, 29, 81),
(257, 27, 100),
(258, 16, 8),
(258, 3, 23),
(258, 48, 69),
(259, 39, 61),
(259, 5, 39),
(260, 18, 8),
(260, 16, 92),
(261, 19, 85),
(261, 10, 15),
(262, 42, 96),
(262, 38, 4),
(263, 5, 95),
(263, 32, 5),
(264, 3, 20),
(264, 16, 47),
(264, 9, 33),
(265, 10, 100),
(266, 4, 43),
(266, 39, 33),
(266, 9, 24),
(267, 2, 89),
(267, 48, 11),
(268, 31, 34),
(268, 13, 66),
(269, 41, 67),
(269, 30, 33),
(270, 9, 34),
(270, 32, 50),
(270, 23, 16),
(271, 31, 63),
(271, 40, 28),
(271, 30, 9),
(272, 17, 6),
(272, 33, 94),
(273, 9, 20),
(273, 11, 80),
(274, 47, 100),
(275, 45, 74),
(275, 1, 26),
(276, 6, 100),
(277, 36, 100),
(278, 13, 100),
(279, 35, 85),
(279, 46, 2),
(279, 30, 13),
(280, 2, 61),
(280, 43, 31),
(280, 27, 8),
(281, 17, 48),
(281, 12, 6),
(281, 28, 46),
(282, 36, 60),
(282, 17, 40),
(283, 13, 100),
(284, 1, 100),
(285, 27, 100),
(286, 48, 69),
(286, 5, 31),
(287, 14, 29),
(287, 38, 6),
(287, 11, 65),
(288, 11, 33),
(288, 8, 66),
(288, 39, 1),
(289, 30, 62),
(289, 38, 19),
(289, 35, 19),
(290, 20, 93),
(290, 21, 7),
(291, 24, 49),
(291, 43, 6),
(291, 33, 45),
(292, 36, 100),
(293, 8, 88),
(293, 30, 12),
(294, 30, 25),
(294, 4, 68),
(294, 49, 7),
(295, 43, 100),
(296, 50, 13),
(296, 24, 15),
(296, 48, 72),
(297, 38, 88),
(297, 40, 12),
(298, 44, 57),
(298, 23, 37),
(298, 36, 6),
(299, 30, 97),
(299, 13, 3),
(300, 7, 48),
(300, 2, 48),
(300, 33, 4),
(301, 44, 57),
(301, 7, 43),
(302, 6, 8),
(302, 40, 92),
(303, 34, 100),
(304, 1, 29),
(304, 35, 71),
(305, 5, 49),
(305, 29, 51),
(306, 20, 73),
(306, 46, 27),
(307, 9, 54),
(307, 27, 37),
(307, 24, 9),
(308, 23, 77),
(308, 47, 23),
(309, 7, 68),
(309, 36, 6),
(309, 38, 26),
(310, 24, 14),
(310, 38, 18),
(310, 27, 68),
(311, 35, 100),
(312, 46, 100),
(313, 27, 23),
(313, 43, 35),
(313, 5, 42),
(314, 6, 7),
(314, 28, 32),
(314, 38, 61),
(315, 31, 21),
(315, 21, 2),
(315, 46, 77),
(316, 3, 69),
(316, 10, 31),
(317, 3, 8),
(317, 10, 29),
(317, 36, 63),
(318, 29, 69),
(318, 28, 31),
(319, 43, 62),
(319, 1, 38),
(320, 18, 61),
(320, 31, 39),
(321, 39, 100),
(322, 29, 4),
(322, 20, 49),
(322, 12, 47),
(323, 24, 100),
(324, 49, 57),
(324, 16, 17),
(324, 45, 26),
(325, 3, 43),
(325, 16, 57),
(326, 43, 55),
(326, 25, 45),
(327, 16, 4),
(327, 40, 27),
(327, 3, 69),
(328, 16, 100),
(329, 47, 99),
(329, 46, 1),
(330, 47, 50),
(330, 38, 50),
(331, 8, 100),
(332, 14, 70),
(332, 4, 13),
(332, 28, 17),
(333, 29, 100),
(334, 34, 100),
(335, 5, 100),
(336, 8, 39),
(336, 42, 54),
(336, 35, 7),
(337, 38, 40),
(337, 6, 60),
(338, 4, 100),
(339, 2, 19),
(339, 15, 81),
(340, 17, 100),
(341, 20, 100),
(342, 45, 100),
(343, 27, 100),
(344, 24, 100),
(345, 20, 35),
(345, 35, 65),
(346, 4, 87),
(346, 7, 13),
(347, 18, 33),
(347, 1, 67),
(348, 42, 100),
(349, 49, 8),
(349, 41, 63),
(349, 23, 29),
(350, 18, 51),
(350, 27, 49),
(351, 22, 85),
(351, 8, 15),
(352, 48, 80),
(352, 7, 20),
(353, 38, 65),
(353, 5, 35),
(354, 25, 86),
(354, 9, 10),
(354, 11, 4),
(355, 18, 26),
(355, 22, 26),
(355, 8, 48),
(356, 38, 9),
(356, 28, 91),
(357, 19, 100),
(358, 31, 84),
(358, 16, 3),
(358, 38, 13),
(359, 45, 38),
(359, 48, 62),
(360, 4, 100),
(361, 19, 46),
(361, 29, 54),
(362, 38, 100),
(363, 35, 100),
(364, 26, 42),
(364, 49, 16),
(364, 47, 42),
(365, 33, 66),
(365, 7, 32),
(365, 38, 2),
(366, 34, 14),
(366, 31, 86),
(367, 19, 69),
(367, 9, 31),
(368, 43, 68),
(368, 39, 11),
(368, 28, 21),
(369, 14, 100),
(370, 49, 25),
(370, 33, 22),
(370, 34, 53),
(371, 31, 100),
(372, 50, 71),
(372, 23, 29),
(373, 41, 100),
(374, 18, 100),
(375, 28, 76),
(375, 9, 24),
(376, 27, 100),
(377, 31, 100),
(378, 1, 10),
(378, 10, 90),
(379, 32, 18),
(379, 45, 71),
(379, 40, 11),
(380, 14, 2),
(380, 4, 98),
(381, 19, 4),
(381, 22, 74),
(381, 49, 22),
(382, 48, 18),
(382, 27, 7),
(382, 16, 75),
(383, 43, 100),
(384, 41, 21),
(384, 30, 66),
(384, 43, 13),
(385, 49, 100),
(386, 9, 100),
(387, 47, 96),
(387, 19, 4),
(388, 36, 31),
(388, 46, 25),
(388, 43, 44),
(389, 7, 100),
(390, 9, 100),
(391, 20, 51),
(391, 38, 49),
(392, 15, 60),
(392, 23, 13),
(392, 21, 27),
(393, 17, 52),
(393, 20, 48),
(394, 48, 80),
(394, 47, 19),
(394, 8, 1),
(395, 39, 44),
(395, 33, 56),
(396, 16, 7),
(396, 18, 93),
(397, 23, 100),
(398, 19, 83),
(398, 50, 17),
(399, 12, 100),
(400, 8, 100),
(401, 26, 33),
(401, 40, 67),
(402, 47, 84),
(402, 28, 14),
(402, 26, 2),
(403, 48, 100),
(404, 41, 19),
(404, 32, 15),
(404, 18, 66),
(405, 35, 100),
(406, 42, 92),
(406, 9, 8),
(407, 12, 3),
(407, 10, 97),
(408, 29, 15),
(408, 50, 11),
(408, 3, 74),
(409, 50, 38),
(409, 20, 62),
(410, 29, 100),
(411, 34, 100),
(412, 16, 52),
(412, 26, 48),
(413, 33, 100),
(414, 35, 84),
(414, 27, 2),
(414, 23, 14),
(415, 21, 89),
(415, 28, 1),
(415, 36, 10),
(416, 11, 57),
(416, 18, 43),
(417, 27, 59),
(417, 44, 41),
(418, 31, 88),
(418, 34, 1),
(418, 16, 11),
(419, 37, 83),
(419, 23, 2),
(419, 14, 15),
(420, 37, 43),
(420, 25, 40),
(420, 48, 17),
(421, 9, 51),
(421, 26, 46),
(421, 4, 3),
(422, 8, 6),
(422, 13, 30),
(422, 40, 64),
(423, 5, 94),
(423, 2, 3),
(423, 50, 3),
(424, 38, 21),
(424, 15, 6),
(424, 42, 73),
(425, 19, 100),
(426, 21, 59),
(426, 20, 41),
(427, 23, 100),
(428, 7, 20),
(428, 8, 80),
(429, 7, 100),
(430, 17, 100),
(431, 50, 91),
(431, 7, 9),
(432, 16, 100),
(433, 16, 100),
(434, 24, 67),
(434, 43, 4),
(434, 15, 29),
(435, 35, 28),
(435, 18, 50),
(435, 36, 22),
(436, 19, 91),
(436, 46, 1),
(436, 26, 8),
(437, 40, 100),
(438, 46, 100),
(439, 42, 100),
(440, 24, 41),
(440, 36, 53),
(440, 16, 6),
(441, 7, 100),
(442, 41, 22),
(442, 9, 26),
(442, 23, 52),
(443, 15, 87),
(443, 38, 1),
(443, 18, 12),
(444, 39, 14),
(444, 44, 6),
(444, 25, 80),
(445, 19, 100),
(446, 6, 100),
(447, 44, 83),
(447, 24, 17),
(448, 47, 91),
(448, 35, 6),
(448, 19, 3),
(449, 9, 47),
(449, 11, 15),
(449, 38, 38),
(450, 34, 100);

-- Add values to table properties_of_fabrics
INSERT INTO properties_of_fabrics(fabrics_id, properties_name)
VALUES
(1, 'Breathable'),
(1, 'Soft'),
(1, 'Lightweight'),
(2, 'Luxurious'),
(2, 'Shiny'),
(2, 'Smooth'),
(3, 'Durable'),
(3, 'Wrinkle-Resistant'),
(4, 'Absorbent'),
(4, 'Cool to the Touch'),
(4, 'Warm'),
(5, 'Warm'),
(5, 'Water-Resistant'),
(6, 'Lightweight'),
(6, 'Stretchable'),
(7, 'Heavyweight'),
(7, 'Reinforced'),
(7, 'Warm'),
(8, 'Soft'),
(8, 'Biodegradable'),
(8, 'Comfortable'),
(9, 'Colorfast'),
(9, 'Wind-Resistant'),
(10, 'Breathable'),
(10, 'Moisture-Wicking'),
(10, 'Warm'),
(10, "Soft"),
(11, 'Soft'),
(11, 'Luxurious'),
(12, 'Sturdy'),
(12, 'UV-Resistant'),
(13, 'Easy to Care'),
(13, 'Versatile'),
(14, 'Comfortable'),
(14, 'Warmth Retaining'),
(15, 'Hypoallergenic'),
(15, 'Eco-Friendly'),
(15, 'Warm'),
(15, 'Soft'),
(16, 'Flowy'),
(16, 'Elegant'),
(17, 'Thick'),
(17, 'Fleece-Lined'),
(18, 'Soft'),
(18, 'Silky Feel'),
(19, 'Lightweight'),
(19, 'Drapes Well'),
(20, 'Strong'),
(20, 'Tear-Resistant'),
(21, 'Soft'),
(21, 'Anti-static'),
(22, 'Sustainable'),
(22, 'Colorful'),
(23, 'Elastic'),
(23, 'Warm'),
(23, 'Comfort Stretch'),
(24, 'Breathable'),
(24, 'Quick-Drying'),
(25, 'Heavy-Duty'),
(25, 'Windproof'),
(26, 'Silky'),
(26, 'Smooth Finish'),
(27, 'Rustic'),
(27, 'Textured'),
(28, 'Classic'),
(28, 'Soft'),
(28, 'Timeless'),
(29, 'Easy to Clean'),
(29, 'Non-ironing'),
(30, 'Chic'),
(30, 'Fashionable'),
(31, 'Tight Weave'),
(31, 'Long-Lasting'),
(32, 'Comfortable'),
(32, 'Natural'),
(33, 'Soft'),
(33, 'Breathable'),
(34, 'Robust'),
(34, 'Lightweight'),
(35, 'Unique Pattern'),
(35, 'Eye-Catching'),
(36, 'Elegant'),
(36, 'Smooth Texture'),
(37, 'Hypoallergenic'),
(37, 'Comfortable Fit'),
(38, 'Warm'),
(38, 'Soft'),
(38, 'Stylish'),
(39, 'Resilient'),
(39, 'Easily Washable'),
(40, 'Classic Look'),
(40, 'Durable Wear'),
(41, 'Plush'),
(41, 'Insulating'),
(42, 'Chic'),
(42, 'High-Quality'),
(43, 'Functional'),
(43, 'Comfortable'),
(44, 'Elegant'),
(44, 'Shimmery'),
(45, 'Weatherproof'),
(45, 'Stylish'),
(46, 'Textured'),
(46, 'Breathable'),
(47, 'Moisture-Wicking'),
(47, 'Durable'),
(48, 'Classic'),
(48, 'Warm'),
(48, 'Sleek'),
(49, 'Warm'),
(49, 'Thick'),
(50, 'Flexible'),
(50, 'Comfortable');

-- Add values for table shown_in
INSERT INTO shown_in(fashion_competitions_id, dresses_id, winner)
VALUES
(1, 1, TRUE),
(1, 2, FALSE),
(1, 3, FALSE),
(1, 4, FALSE),
(1, 5, FALSE),
(1, 6, FALSE),
(1, 7, FALSE),
(2, 8, TRUE),
(2, 9, FALSE),
(2, 10, FALSE),
(2, 11, FALSE),
(2, 12, FALSE),
(2, 13, FALSE),
(3, 14, TRUE),
(3, 15, FALSE),
(3, 16, FALSE),
(3, 17, FALSE),
(3, 18, FALSE),
(3, 19, FALSE),
(3, 20, FALSE),
(4, 21, TRUE),
(4, 22, FALSE),
(4, 23, FALSE),
(4, 24, FALSE),
(4, 25, FALSE),
(4, 26, FALSE),
(4, 27, FALSE),
(5, 28, TRUE),
(5, 29, FALSE),
(5, 30, FALSE),
(5, 31, FALSE),
(5, 32, FALSE),
(5, 33, FALSE),
(5, 34, FALSE),
(6, 35, TRUE),
(6, 36, FALSE),
(6, 37, FALSE),
(6, 38, FALSE),
(6, 39, FALSE),
(6, 40, FALSE),
(7, 41, TRUE),
(7, 42, FALSE),
(7, 43, FALSE),
(7, 44, FALSE),
(7, 45, FALSE),
(7, 46, FALSE),
(7, 47, FALSE),
(8, 48, TRUE),
(8, 49, FALSE),
(8, 50, FALSE),
(8, 51, FALSE),
(8, 52, FALSE),
(8, 53, FALSE),
(9, 54, TRUE),
(9, 55, FALSE),
(9, 56, FALSE),
(9, 57, FALSE),
(9, 58, FALSE),
(9, 59, FALSE),
(10, 60, TRUE),
(10, 61, FALSE),
(10, 62, FALSE),
(10, 63, FALSE),
(10, 64, FALSE),
(10, 65, FALSE),
(11, 66, TRUE),
(11, 67, FALSE),
(11, 68, FALSE),
(11, 69, FALSE),
(11, 70, FALSE),
(11, 71, FALSE),
(12, 72, TRUE),
(12, 73, FALSE),
(12, 74, FALSE),
(12, 75, FALSE),
(12, 76, FALSE),
(13, 77, TRUE),
(13, 78, FALSE),
(13, 79, FALSE),
(13, 80, FALSE),
(13, 81, FALSE),
(13, 82, FALSE),
(14, 83, TRUE),
(14, 84, FALSE),
(14, 85, FALSE),
(14, 86, FALSE),
(14, 87, FALSE),
(15, 88, TRUE),
(15, 89, FALSE),
(15, 90, FALSE),
(15, 91, FALSE),
(15, 92, FALSE),
(16, 93, TRUE),
(16, 94, FALSE),
(16, 95, FALSE),
(16, 96, FALSE),
(16, 97, FALSE),
(17, 98, TRUE),
(17, 99, FALSE),
(17, 100, FALSE),
(17, 101, FALSE),
(17, 102, FALSE),
(18, 103, TRUE),
(18, 104, FALSE),
(18, 105, FALSE),
(18, 106, FALSE),
(18, 107, FALSE),
(19, 108, TRUE),
(19, 109, FALSE),
(19, 110, FALSE),
(19, 111, FALSE),
(19, 112, FALSE),
(20, 113, TRUE),
(20, 114, FALSE),
(20, 115, FALSE),
(20, 116, FALSE),
(20, 117, FALSE),
(21, 118, TRUE),
(21, 119, FALSE),
(21, 120, FALSE),
(21, 121, FALSE),
(21, 122, FALSE),
(22, 123, TRUE),
(22, 124, FALSE),
(22, 125, FALSE),
(22, 126, FALSE),
(22, 127, FALSE),
(23, 128, TRUE),
(23, 129, FALSE),
(23, 130, FALSE),
(23, 131, FALSE),
(23, 132, FALSE),
(24, 133, TRUE),
(24, 134, FALSE),
(24, 135, FALSE),
(24, 136, FALSE),
(24, 137, FALSE),
(25, 138, TRUE),
(25, 139, FALSE),
(25, 140, FALSE),
(25, 141, FALSE),
(25, 142, FALSE),
(26, 143, TRUE),
(26, 144, FALSE),
(26, 145, FALSE),
(26, 146, FALSE),
(26, 147, FALSE),
(27, 148, TRUE),
(27, 149, FALSE),
(27, 150, FALSE),
(27, 151, FALSE),
(27, 152, FALSE),
(28, 153, TRUE),
(28, 154, FALSE),
(28, 155, FALSE),
(28, 156, FALSE),
(28, 157, FALSE),
(29, 158, TRUE),
(29, 159, FALSE),
(29, 160, FALSE),
(29, 161, FALSE),
(29, 162, FALSE),
(30, 163, TRUE),
(30, 164, FALSE),
(30, 165, FALSE),
(30, 166, FALSE),
(30, 167, FALSE),
(31, 168, TRUE),
(31, 169, FALSE),
(31, 170, FALSE),
(31, 171, FALSE),
(31, 172, FALSE),
(32, 173, TRUE),
(32, 174, FALSE),
(32, 175, FALSE),
(32, 176, FALSE),
(32, 177, FALSE),
(33, 178, TRUE),
(33, 179, FALSE),
(33, 180, FALSE),
(33, 181, FALSE),
(33, 182, FALSE),
(34, 183, TRUE),
(34, 184, FALSE),
(34, 185, FALSE),
(34, 186, FALSE),
(34, 187, FALSE),
(35, 188, TRUE),
(35, 189, FALSE),
(35, 190, FALSE),
(35, 191, FALSE),
(35, 192, FALSE),
(36, 193, TRUE),
(36, 194, FALSE),
(36, 195, FALSE),
(36, 196, FALSE),
(36, 197, FALSE),
(37, 198, TRUE),
(37, 199, FALSE),
(37, 200, FALSE),
(37, 201, FALSE),
(37, 202, FALSE),
(38, 203, TRUE),
(38, 204, FALSE),
(38, 205, FALSE),
(38, 206, FALSE),
(38, 207, FALSE),
(39, 208, TRUE),
(39, 209, FALSE),
(39, 210, FALSE),
(39, 211, FALSE),
(39, 212, FALSE),
(40, 213, TRUE),
(40, 214, FALSE),
(40, 215, FALSE),
(40, 216, FALSE),
(40, 217, FALSE),
(41, 218, TRUE),
(41, 219, FALSE),
(41, 220, FALSE),
(41, 221, FALSE),
(41, 222, FALSE),
(42, 223, TRUE),
(42, 224, FALSE),
(42, 225, FALSE),
(42, 226, FALSE),
(42, 227, FALSE),
(43, 228, TRUE),
(43, 229, FALSE),
(43, 230, FALSE),
(43, 231, FALSE),
(43, 232, FALSE),
(44, 233, TRUE),
(44, 234, FALSE),
(44, 235, FALSE),
(44, 236, FALSE),
(44, 237, FALSE),
(45, 238, TRUE),
(45, 239, FALSE),
(45, 240, FALSE),
(45, 241, FALSE),
(45, 242, FALSE),
(46, 243, TRUE),
(46, 244, FALSE),
(46, 245, FALSE),
(46, 246, FALSE),
(46, 247, FALSE),
(47, 248, TRUE),
(47, 249, FALSE),
(47, 250, FALSE),
(47, 251, FALSE),
(47, 252, FALSE),
(48, 253, TRUE),
(48, 254, FALSE),
(48, 255, FALSE),
(48, 256, FALSE),
(48, 257, FALSE),
(49, 258, TRUE),
(49, 259, FALSE),
(49, 260, FALSE),
(49, 261, FALSE),
(49, 262, FALSE),
(50, 263, TRUE),
(50, 264, FALSE),
(50, 265, FALSE),
(50, 266, FALSE),
(50, 267, FALSE);